image_index,image,nuclei_detected,mean_confidence
0,image_000.png,3,0.9907088804351784
1,image_001.png,6,0.7071604775671462
2,image_002.png,2,0.9797515081144736
3,image_003.png,6,0.9745627846546029
4,image_004.png,4,0.9597291481562682
5,image_005.png,1,0.9999999974160206
6,image_006.png,8,0.978602849150754
7,image_007.png,8,0.9195913181257738
8,image_008.png,8,0.945498295036204
9,image_009.png,9,0.9599027830454508
10,image_0010.png,4,0.9852994339200145
11,image_0011.png,2,0.9574462324972364
12,image_0012.png,7,0.9215575137432842
13,image_0013.png,8,0.8645026598389313
14,image_0014.png,5,0.8359783251073548
15,image_0015.png,8,0.9615693223938573
16,image_0016.png,8,0.9010655214402568
17,image_0017.png,8,0.9903221779830198
18,image_0018.png,6,0.9677806122347677
19,image_0019.png,6,0.9114684273031329
20,image_0020.png,0,
21,image_0021.png,5,0.8832377869020739
22,image_0022.png,7,0.8531000776366373
23,image_0023.png,7,0.9017421535061066
24,image_0024.png,3,0.9606766183119003
25,image_0025.png,5,0.9871159071209668
26,image_0026.png,8,0.9860929165434982
27,image_0027.png,4,0.6483875415247635
28,image_0028.png,2,0.9912042490665645
29,image_0029.png,4,0.9880060165526726
30,image_0030.png,8,0.8813740821570927
31,image_0031.png,9,0.9889422577284951
32,image_0032.png,10,0.9832153180884504
33,image_0033.png,8,0.9283254992701542
34,image_0034.png,15,0.9369353303086697
35,image_0035.png,12,0.843520194421067
36,image_0036.png,5,0.988136256597303
37,image_0037.png,4,0.9826914428593733
38,image_0038.png,9,0.9952526705483076
39,image_0039.png,8,0.9941748018231983
40,image_0040.png,8,0.9754620135594967
41,image_0041.png,7,0.9710896741755769
42,image_0042.png,14,0.9566168203634836
43,image_0043.png,4,0.9107350773913785
44,image_0044.png,19,0.9799767157148637
45,image_0045.png,13,0.8560289185743605
46,image_0046.png,7,0.9946896722148032
47,image_0047.png,8,0.9819902874782123
48,image_0048.png,13,0.9280682513662779
49,image_0049.png,14,0.9835523685029963
50,image_0050.png,5,0.9753694610845857
51,image_0051.png,6,0.9193573477872558
52,image_0052.png,15,0.8944756489659224
53,image_0053.png,7,0.9894385753609788
54,image_0054.png,7,0.9776335004665896
55,image_0055.png,8,0.798931615867129
56,image_0056.png,13,0.987210886783957
57,image_0057.png,3,0.9964982211050627
58,image_0058.png,11,0.9967268070131545
59,image_0059.png,18,0.9443682693927281
60,image_0060.png,5,0.933566585444656
61,image_0061.png,1,0.9999999962546816
62,image_0062.png,4,0.9660008377449044
63,image_0063.png,3,0.8200734927820287
64,image_0064.png,5,0.9948139850874507
65,image_0065.png,7,0.9665654403564804
66,image_0066.png,4,0.9782218136333926
67,image_0067.png,4,0.9848336188098299
68,image_0068.png,6,0.9486745424850231
69,image_0069.png,6,0.9579719563853492
70,image_0070.png,12,0.9005193452061834
71,image_0071.png,6,0.7796665902277753
72,image_0072.png,9,0.9232487344479678
73,image_0073.png,12,0.9386336294590859
74,image_0074.png,11,0.9017230459310924
75,image_0075.png,20,0.9563991934674079
76,image_0076.png,22,0.9071571806481774
77,image_0077.png,15,0.9875915421942414
78,image_0078.png,20,0.9655331683359263
79,image_0079.png,19,0.989791706081981
80,image_0080.png,15,0.966345704101817
81,image_0081.png,3,0.9989088900150853
82,image_0082.png,22,0.9872214014323153
83,image_0083.png,8,0.9801924944623506
84,image_0084.png,2,0.9962405956892937
85,image_0085.png,6,0.9268992202733326
86,image_0086.png,8,0.983174434581456
87,image_0087.png,7,0.9783832859030202
88,image_0088.png,4,0.9903593084396775
89,image_0089.png,5,0.9737881001143123
90,image_0090.png,10,0.974520071493866
91,image_0091.png,1,0.9447115361905972
92,image_0092.png,1,0.9999999965034966
93,image_0093.png,8,0.9250495160459467
94,image_0094.png,2,0.983010226964802
95,image_0095.png,14,0.9003667379256679
96,image_0096.png,11,0.8996729801450865
97,image_0097.png,11,0.9767967919137647
98,image_0098.png,12,0.9288547924820535
99,image_0099.png,12,0.910411902236912
100,image_00100.png,16,0.836560887659069
101,image_00101.png,12,0.9370930951688514
102,image_00102.png,7,0.8074253955161862
103,image_00103.png,18,0.9861109788411105
104,image_00104.png,7,0.9908265848402396
105,image_00105.png,19,0.9401820445578409
106,image_00106.png,11,0.7635993432453225
107,image_00107.png,18,0.9600566702243563
108,image_00108.png,20,0.9589897704278074
109,image_00109.png,34,0.9009134189385684
110,image_00110.png,23,0.8316322995460707
111,image_00111.png,21,0.7624935340630081
112,image_00112.png,28,0.7718007872156792
113,image_00113.png,8,0.8827973532602935
114,image_00114.png,10,0.9099381662660928
115,image_00115.png,15,0.9821343785091835
116,image_00116.png,17,0.9297871589474569
117,image_00117.png,17,0.9695528414062325
118,image_00118.png,12,0.9573702386221635
119,image_00119.png,15,0.9049628882469695
120,image_00120.png,19,0.973717147900777
121,image_00121.png,14,0.9762475083051391
122,image_00122.png,15,0.8864908070432188
123,image_00123.png,12,0.9162749697902637
124,image_00124.png,2,0.9644040825600907
125,image_00125.png,4,0.9206212574886053
126,image_00126.png,7,0.9697011528008698
127,image_00127.png,5,0.9485246915638784
128,image_00128.png,0,
129,image_00129.png,15,0.9242173002985555
130,image_00130.png,19,0.877848365139264
131,image_00131.png,20,0.9277201914866506
132,image_00132.png,15,0.8902981444689909
133,image_00133.png,9,0.7997605315001626
134,image_00134.png,9,0.9727966060230957
135,image_00135.png,21,0.9311375293904638
136,image_00136.png,2,0.9980241817141181
137,image_00137.png,2,0.8477272697768312
138,image_00138.png,6,0.9944147247854328
139,image_00139.png,7,0.7739656989936259
140,image_00140.png,0,
141,image_00141.png,4,0.8969729404514055
142,image_00142.png,2,0.9660493786734587
143,image_00143.png,2,0.9735440136822673
144,image_00144.png,3,0.9880431818391165
145,image_00145.png,2,0.9900542449304033
146,image_00146.png,2,0.9640243844148613
147,image_00147.png,22,0.9495836994155767
148,image_00148.png,7,0.9257311026903103
149,image_00149.png,7,0.9276092475375936
150,image_00150.png,9,0.8448220531803741
151,image_00151.png,21,0.9827559815085953
152,image_00152.png,23,0.9622125137391881
153,image_00153.png,35,0.8934940229856443
154,image_00154.png,4,0.933612731145549
155,image_00155.png,4,0.9996290746307255
156,image_00156.png,1,0.9999999960784314
157,image_00157.png,1,0.968325787473639
158,image_00158.png,4,0.990435702751149
159,image_00159.png,14,0.9517163655907027
160,image_00160.png,25,0.9154306044709573
161,image_00161.png,15,0.9260267437314073
162,image_00162.png,7,0.9308115437321796
163,image_00163.png,12,0.9854675477103072
164,image_00164.png,14,0.9959804298845685
165,image_00165.png,8,0.9946571467868182
166,image_00166.png,20,0.8419385048535389
167,image_00167.png,24,0.8541288884362569
168,image_00168.png,15,0.916256488128567
169,image_00169.png,12,0.9603406354853256
170,image_00170.png,9,0.8641173802743156
171,image_00171.png,2,0.9869109899436626
172,image_00172.png,0,
173,image_00173.png,22,0.9609352261524599
174,image_00174.png,6,0.8601960395570519
175,image_00175.png,12,0.9851817492899354
176,image_00176.png,0,
177,image_00177.png,11,0.9612481924902284
178,image_00178.png,18,0.9254198511355727
179,image_00179.png,17,0.9309308365380992
180,image_00180.png,3,0.9786324762243034
181,image_00181.png,14,0.9240407911177171
182,image_00182.png,9,0.9602803666254789
183,image_00183.png,11,0.9026051844785844
184,image_00184.png,1,0.999999996742671
185,image_00185.png,10,0.7611151855004131
186,image_00186.png,11,0.9571330855766272
187,image_00187.png,10,0.800071787586905
188,image_00188.png,8,0.9809633957404024
189,image_00189.png,9,0.8817186890571136
190,image_00190.png,15,0.9585455010775427
191,image_00191.png,10,0.9813525036539877
192,image_00192.png,13,0.9456644561911454
193,image_00193.png,18,0.9725975086055403
194,image_00194.png,6,0.982553664049878
195,image_00195.png,19,0.969991116741339
196,image_00196.png,3,0.9606299147959229
197,image_00197.png,8,0.9932838385064293
198,image_00198.png,23,0.9368622173979331
199,image_00199.png,9,0.9880170598989668
200,image_00200.png,17,0.9716053502235716
201,image_00201.png,18,0.9847068806002837
202,image_00202.png,7,0.9472065196572693
203,image_00203.png,6,0.944427554087777
204,image_00204.png,9,0.9733142510027856
205,image_00205.png,8,0.9687495638887591
206,image_00206.png,31,0.9313426729699957
207,image_00207.png,9,0.9781992006425259
208,image_00208.png,16,0.916490593475137
209,image_00209.png,9,0.9752726269990073
210,image_00210.png,10,0.9553094676220806
211,image_00211.png,21,0.9534028315671579
212,image_00212.png,1,0.9962405996311268
213,image_00213.png,6,0.9871297345034348
214,image_00214.png,7,0.980164598985836
215,image_00215.png,17,0.975141276948637
216,image_00216.png,5,0.9861218702655794
217,image_00217.png,18,0.8547363810002943
218,image_00218.png,25,0.8968798572660169
219,image_00219.png,19,0.9888580886396788
220,image_00220.png,9,0.9161977763697762
221,image_00221.png,21,0.8948452864147016
222,image_00222.png,12,0.9604006071998096
223,image_00223.png,12,0.9376137812409052
224,image_00224.png,0,
225,image_00225.png,7,0.8850561530788307
226,image_00226.png,19,0.9481584909597556
227,image_00227.png,21,0.9872838672286652
228,image_00228.png,14,0.9452033348521207
229,image_00229.png,16,0.9951126129461383
230,image_00230.png,14,0.8579892769819367
231,image_00231.png,10,0.9024832372169047
232,image_00232.png,13,0.8657253719183291
233,image_00233.png,24,0.9824023941410603
234,image_00234.png,14,0.9799869098610278
235,image_00235.png,2,0.8365591361885768
236,image_00236.png,23,0.8049699864620095
237,image_00237.png,16,0.9346048535894161
238,image_00238.png,24,0.7828254035139351
239,image_00239.png,15,0.8797809673992906
240,image_00240.png,22,0.9245285701743988
241,image_00241.png,19,0.9527200089826962
242,image_00242.png,20,0.8293976278536664
243,image_00243.png,18,0.8149134703541925
244,image_00244.png,8,0.947079971262768
245,image_00245.png,12,0.9743441260382176
246,image_00246.png,11,0.9161457738800888
247,image_00247.png,11,0.9072084378128333
248,image_00248.png,13,0.9847524232922378
249,image_00249.png,7,0.992915403613133
250,image_00250.png,7,0.901016607922824
251,image_00251.png,7,0.9738280124432778
252,image_00252.png,12,0.9795301165850888
253,image_00253.png,4,0.9368879451415043
254,image_00254.png,18,0.7214408316717986
255,image_00255.png,9,0.9932846351919894
256,image_00256.png,10,0.9565399947631622
257,image_00257.png,11,0.9882373877268479
258,image_00258.png,12,0.991855727029645
259,image_00259.png,9,0.9686264242860191
260,image_00260.png,8,0.9450082922457277
261,image_00261.png,17,0.9600266332399268
262,image_00262.png,8,0.9574270223351041
263,image_00263.png,16,0.8735232028681685
264,image_00264.png,14,0.9062031545518139
265,image_00265.png,13,0.7387830455694251
266,image_00266.png,9,0.9884189785318332
267,image_00267.png,12,0.962828414404301
268,image_00268.png,13,0.9703649696175316
269,image_00269.png,6,0.9253456172217819
270,image_00270.png,17,0.7200187891305958
271,image_00271.png,16,0.9042931014268305
272,image_00272.png,10,0.8645284419280488
273,image_00273.png,17,0.722450904207471
274,image_00274.png,9,0.8955480026840829
275,image_00275.png,9,0.9343295428716212
276,image_00276.png,22,0.9386371452393901
277,image_00277.png,17,0.8396090608468612
278,image_00278.png,18,0.9201750747910431
279,image_00279.png,11,0.9741067753528476
280,image_00280.png,18,0.961279598671294
281,image_00281.png,6,0.9639979294537997
282,image_00282.png,6,0.9034092530522612
283,image_00283.png,8,0.920115850248505
284,image_00284.png,5,0.8211825704799539
285,image_00285.png,6,0.8333930074520889
286,image_00286.png,14,0.9507487537081796
287,image_00287.png,15,0.9275087913936167
288,image_00288.png,12,0.9631090682526405
289,image_00289.png,25,0.9208419837413655
290,image_00290.png,11,0.9578228707605873
291,image_00291.png,5,0.8973821256178336
292,image_00292.png,2,0.9426353831198363
293,image_00293.png,9,0.8330047984255782
294,image_00294.png,15,0.9212716372470131
295,image_00295.png,9,0.8899107825735896
296,image_00296.png,10,0.8639553246106294
297,image_00297.png,9,0.9020937426549549
298,image_00298.png,12,0.9486684717371624
299,image_00299.png,7,0.906189306058964
300,image_00300.png,2,0.8747216006831355
301,image_00301.png,8,0.9648779595366903
302,image_00302.png,10,0.8503466774848107
303,image_00303.png,10,0.9720796277514495
304,image_00304.png,10,0.9466166716122469
305,image_00305.png,11,0.8445461125440783
306,image_00306.png,14,0.8600414921689824
307,image_00307.png,17,0.9023296893778714
308,image_00308.png,11,0.9367206797209255
309,image_00309.png,6,0.9766943696344699
310,image_00310.png,15,0.9615530342527457
311,image_00311.png,13,0.9839935273655919
312,image_00312.png,12,0.97826996813842
313,image_00313.png,11,0.983911764093584
314,image_00314.png,11,0.9700962934172414
315,image_00315.png,8,0.9439247218132097
316,image_00316.png,17,0.6958369044975795
317,image_00317.png,3,0.9804590759810573
318,image_00318.png,4,0.7775771826519098
319,image_00319.png,2,0.9603213115582578
320,image_00320.png,7,0.8944516002479354
321,image_00321.png,7,0.9475491611325326
322,image_00322.png,1,0.5591715968059592
323,image_00323.png,5,0.9762729653012677
324,image_00324.png,5,0.8269040816950802
325,image_00325.png,4,0.9609015893119619
326,image_00326.png,7,0.856696586676924
327,image_00327.png,4,0.9284421870332801
328,image_00328.png,8,0.9154127276643111
329,image_00329.png,7,0.8056876615374345
330,image_00330.png,6,0.9286232139622864
331,image_00331.png,4,0.9514230039268035
332,image_00332.png,3,0.9940787720378855
333,image_00333.png,15,0.9747377953303612
334,image_00334.png,18,0.9798737195762721
335,image_00335.png,12,0.9904281475385891
336,image_00336.png,12,0.9697496557177065
337,image_00337.png,13,0.9584775587506082
338,image_00338.png,14,0.9547717628340758
339,image_00339.png,0,
340,image_00340.png,9,0.9618234421038075
341,image_00341.png,3,0.9920301895841545
342,image_00342.png,4,0.9932939305146056
343,image_00343.png,5,0.9900234624053338
344,image_00344.png,6,0.9840446525247241
345,image_00345.png,7,0.9957923507990031
346,image_00346.png,6,0.9950381025207578
347,image_00347.png,9,0.8367463095148188
348,image_00348.png,4,0.9096542752211525
349,image_00349.png,5,0.9953485315407342
350,image_00350.png,5,0.9943158566857943
351,image_00351.png,13,0.9910435303481897
352,image_00352.png,8,0.9930873587606461
353,image_00353.png,4,0.9988898228839368
354,image_00354.png,8,0.919083725292576
355,image_00355.png,7,0.9974971450829891
356,image_00356.png,7,0.9106480804639008
357,image_00357.png,6,0.9907274640868177
358,image_00358.png,10,0.879416199073297
359,image_00359.png,8,0.9604305456846953
360,image_00360.png,12,0.9891776628052619
361,image_00361.png,5,0.921494205745162
362,image_00362.png,6,0.9080237150331225
363,image_00363.png,8,0.9518072519204575
364,image_00364.png,8,0.7568855373950293
365,image_00365.png,3,0.9787173178247487
366,image_00366.png,5,0.9868511640642739
367,image_00367.png,9,0.9904810373652168
368,image_00368.png,12,0.9710520933054405
369,image_00369.png,19,0.8872130855007645
370,image_00370.png,13,0.9402768483025566
371,image_00371.png,19,0.8228965782373543
372,image_00372.png,18,0.8334157449672672
373,image_00373.png,3,0.997396794445411
374,image_00374.png,6,0.9638158041315671
375,image_00375.png,8,0.8774462544874309
376,image_00376.png,15,0.903007785446987
377,image_00377.png,7,0.9913173588371229
378,image_00378.png,3,0.9951009780389675
379,image_00379.png,10,0.9887314074634569
380,image_00380.png,7,0.9900310229850946
381,image_00381.png,7,0.9831603730568566
382,image_00382.png,8,0.7968664113764563
383,image_00383.png,2,0.9492764256465871
384,image_00384.png,12,0.8944342985243169
385,image_00385.png,9,0.9754928962084843
386,image_00386.png,8,0.919843346518423
387,image_00387.png,9,0.9859175703816008
388,image_00388.png,6,0.9707597747135428
389,image_00389.png,6,0.9935073710989055
390,image_00390.png,1,0.9999999966555184
391,image_00391.png,4,0.8831404744188729
392,image_00392.png,1,0.9999999964285714
393,image_00393.png,9,0.9858921525449627
394,image_00394.png,9,0.9917571216668617
395,image_00395.png,6,0.9969244773355076
396,image_00396.png,4,0.9243661937842562
397,image_00397.png,7,0.6218884460222741
398,image_00398.png,8,0.9035028884913067
399,image_00399.png,9,0.9608227564307339
400,image_00400.png,11,0.8758962795270621
401,image_00401.png,9,0.9882595572732156
402,image_00402.png,12,0.9882880678692421
403,image_00403.png,8,0.87088165354156
404,image_00404.png,9,0.9918488575853512
405,image_00405.png,9,0.9332965101936467
406,image_00406.png,6,0.9905131703773457
407,image_00407.png,5,0.9778102900033785
408,image_00408.png,9,0.956753039931435
409,image_00409.png,12,0.8499009865076989
410,image_00410.png,9,0.9784031197129137
411,image_00411.png,3,0.6487126986467353
412,image_00412.png,4,0.7468940993721871
413,image_00413.png,17,0.8938296578156804
414,image_00414.png,6,0.9752070726839084
415,image_00415.png,2,0.7528499469247737
416,image_00416.png,17,0.9238244058166732
417,image_00417.png,13,0.9266700013875535
418,image_00418.png,4,0.9908917425105956
419,image_00419.png,9,0.903763470247061
420,image_00420.png,5,0.9568129926383232
421,image_00421.png,5,0.9828434044154596
422,image_00422.png,4,0.9699050715307317
423,image_00423.png,7,0.961099157788683
424,image_00424.png,5,0.9853916952350164
425,image_00425.png,8,0.8189642539923908
426,image_00426.png,8,0.9673998473561167
427,image_00427.png,9,0.9397703994075618
428,image_00428.png,12,0.8999661391906876
429,image_00429.png,9,0.9848104433284498
430,image_00430.png,4,0.8668913219157266
431,image_00431.png,12,0.9335115352941886
432,image_00432.png,5,0.8575371384981368
433,image_00433.png,3,0.9993224884771349
434,image_00434.png,5,0.9832879688067188
435,image_00435.png,5,0.9714407869837773
436,image_00436.png,4,0.995890455646459
437,image_00437.png,4,0.9944397026388218
438,image_00438.png,5,0.8843153754758344
439,image_00439.png,3,0.9170091828404723
440,image_00440.png,5,0.9613298761419011
441,image_00441.png,7,0.9923738607984396
442,image_00442.png,8,0.9805766659018255
443,image_00443.png,6,0.9101783741216637
444,image_00444.png,5,0.8366905031434317
445,image_00445.png,4,0.9711939431269513
446,image_00446.png,4,0.9911101182842207
447,image_00447.png,13,0.8931113264757331
448,image_00448.png,7,0.969087710166276
449,image_00449.png,8,0.9791364606562862
450,image_00450.png,6,0.8747073148356392
451,image_00451.png,5,0.814958477125173
452,image_00452.png,5,0.9623008329627615
453,image_00453.png,10,0.8880385959876843
454,image_00454.png,10,0.9853574086955408
455,image_00455.png,3,0.9835265638596024
456,image_00456.png,7,0.9242566054728407
457,image_00457.png,4,0.9867638144007831
458,image_00458.png,9,0.9504307273379653
459,image_00459.png,8,0.9885799984201151
460,image_00460.png,6,0.9320907709798417
461,image_00461.png,9,0.9616584398509074
462,image_00462.png,6,0.8770667264945597
463,image_00463.png,7,0.9802802417222776
464,image_00464.png,5,0.985087976954668
465,image_00465.png,7,0.9739629989255072
466,image_00466.png,4,0.8255136520600913
467,image_00467.png,5,0.8478459396398446
468,image_00468.png,8,0.9075359363039054
469,image_00469.png,3,0.9337838632727827
470,image_00470.png,8,0.8619141314760155
471,image_00471.png,4,0.8248525703457074
472,image_00472.png,2,0.6800597669276143
473,image_00473.png,2,0.9883404838501766
474,image_00474.png,2,0.9963501125825082
475,image_00475.png,3,0.8920970267465128
476,image_00476.png,14,0.9685221880411783
477,image_00477.png,11,0.9780063889810887
478,image_00478.png,8,0.9014731248334493
479,image_00479.png,8,0.972120975917491
480,image_00480.png,11,0.9893259841255702
481,image_00481.png,13,0.9223595545059413
482,image_00482.png,8,0.9120910771614156
483,image_00483.png,12,0.9815707920761746
484,image_00484.png,12,0.925841417609352
485,image_00485.png,9,0.9911728886691754
486,image_00486.png,8,0.7510396058616813
487,image_00487.png,11,0.8404904816055848
488,image_00488.png,5,0.5406673795517732
489,image_00489.png,16,0.9842392640901043
490,image_00490.png,13,0.9793942582307327
491,image_00491.png,16,0.9793703012269409
492,image_00492.png,13,0.980186688700575
493,image_00493.png,16,0.9746150708894818
494,image_00494.png,12,0.846510886008588
495,image_00495.png,15,0.9163602437567416
496,image_00496.png,11,0.9802022077345547
497,image_00497.png,5,0.9074333617247543
498,image_00498.png,16,0.8869905383015377
499,image_00499.png,13,0.8781055254160397
500,image_00500.png,14,0.8162465771342081
501,image_00501.png,12,0.9289394285665297
502,image_00502.png,15,0.8832740660488866
503,image_00503.png,15,0.8489816579599733
504,image_00504.png,17,0.6851363190738857
505,image_00505.png,10,0.858912200522423
506,image_00506.png,11,0.9243933917382929
507,image_00507.png,13,0.8206573116970739
508,image_00508.png,6,0.9656853809714167
509,image_00509.png,10,0.8829968070315095
510,image_00510.png,10,0.8708663829964053
511,image_00511.png,10,0.9011528192937581
512,image_00512.png,11,0.8742847462348219
513,image_00513.png,10,0.917644153429505
514,image_00514.png,6,0.9684474954256186
515,image_00515.png,4,0.8828564824361006
516,image_00516.png,8,0.8451882790684887
517,image_00517.png,3,0.9234177704696512
518,image_00518.png,3,0.9792069243495091
519,image_00519.png,3,0.9554929681103169
520,image_00520.png,2,0.983568072298733
521,image_00521.png,10,0.840216617267096
522,image_00522.png,4,0.9206585340522357
523,image_00523.png,4,0.8218314192664673
524,image_00524.png,9,0.8791171453938471
525,image_00525.png,23,0.9684910312960592
526,image_00526.png,4,0.9633258340173874
527,image_00527.png,3,0.9982509629403555
528,image_00528.png,17,0.9758575471311346
529,image_00529.png,4,0.8192881642707796
530,image_00530.png,8,0.8157380713203002
531,image_00531.png,13,0.9252371106497779
532,image_00532.png,18,0.9674586646476313
533,image_00533.png,9,0.8445002249646835
534,image_00534.png,11,0.9232025239688462
535,image_00535.png,8,0.9410278109019479
536,image_00536.png,17,0.8952989976055818
537,image_00537.png,2,0.9225243744905206
538,image_00538.png,4,0.9871447043925969
539,image_00539.png,1,0.955613574528424
540,image_00540.png,9,0.9349446255116268
541,image_00541.png,32,0.9522014925951977
542,image_00542.png,2,0.9975961496088461
543,image_00543.png,23,0.9825777369155052
544,image_00544.png,0,
545,image_00545.png,0,
546,image_00546.png,0,
547,image_00547.png,19,0.9151330011662417
548,image_00548.png,1,0.9846938750390464
549,image_00549.png,1,0.8448275813515657
550,image_00550.png,2,0.9702702665234496
551,image_00551.png,41,0.9769537397021373
552,image_00552.png,15,0.9400395910429713
553,image_00553.png,11,0.97164093571805
554,image_00554.png,10,0.983111981917727
555,image_00555.png,20,0.8088980931254502
556,image_00556.png,1,0.999999993150685
557,image_00557.png,18,0.9213042803235645
558,image_00558.png,12,0.9647211975531961
559,image_00559.png,27,0.9635304061946094
560,image_00560.png,4,0.9906884290679747
561,image_00561.png,7,0.9106995322836252
562,image_00562.png,1,0.9999999961685824
563,image_00563.png,11,0.9850394685710229
564,image_00564.png,2,0.9995278553031874
565,image_00565.png,6,0.9753081184326381
566,image_00566.png,4,0.8673469341433803
567,image_00567.png,7,0.8811600106856142
568,image_00568.png,5,0.8667222048085484
569,image_00569.png,17,0.9966847900683642
570,image_00570.png,27,0.9245738738761373
571,image_00571.png,28,0.9411111995911027
572,image_00572.png,12,0.9892211447057213
573,image_00573.png,3,0.997273340948631
574,image_00574.png,30,0.9410527136200814
575,image_00575.png,9,0.9497277386456903
576,image_00576.png,3,0.9826226735535872
577,image_00577.png,2,0.9265823341444305
578,image_00578.png,3,0.9754224237311296
579,image_00579.png,2,0.9999999952724593
580,image_00580.png,0,
581,image_00581.png,10,0.8783346916413451
582,image_00582.png,4,0.9934347017821483
583,image_00583.png,11,0.8793763861886134
584,image_00584.png,11,0.9779031031272333
585,image_00585.png,3,0.9634146313820758
586,image_00586.png,5,0.9742690671383905
587,image_00587.png,2,0.9999999980944474
588,image_00588.png,10,0.9266204886957992
589,image_00589.png,5,0.9058696780346214
590,image_00590.png,12,0.7816855819257896
591,image_00591.png,16,0.8212954310665098
592,image_00592.png,9,0.8878240826057522
593,image_00593.png,14,0.7335877292220966
594,image_00594.png,7,0.9859556583559541
595,image_00595.png,17,0.9134753550758266
596,image_00596.png,8,0.9436927841111458
597,image_00597.png,4,0.8387627706973336
598,image_00598.png,3,0.9389137481791864
599,image_00599.png,7,0.8875908987134906
600,image_00600.png,3,0.9102347441018391
601,image_00601.png,9,0.9260431522371158
602,image_00602.png,6,0.9653410141797064
603,image_00603.png,14,0.8340334662015889
604,image_00604.png,5,0.8798848669800947
605,image_00605.png,6,0.8056281962907494
606,image_00606.png,10,0.905370228243617
607,image_00607.png,4,0.9964758091581933
608,image_00608.png,10,0.8726732711328895
609,image_00609.png,9,0.9016875795830198
610,image_00610.png,14,0.8152787507545382
611,image_00611.png,10,0.9616238173747798
612,image_00612.png,10,0.9334151307203543
613,image_00613.png,13,0.9859648538569709
614,image_00614.png,8,0.9964564111821863
615,image_00615.png,11,0.982526655224005
616,image_00616.png,10,0.9219549738669155
617,image_00617.png,11,0.990883644770232
618,image_00618.png,20,0.7877780096368128
619,image_00619.png,21,0.9604561089858843
620,image_00620.png,13,0.978046922305746
621,image_00621.png,26,0.8264963718624208
622,image_00622.png,11,0.9929455265015211
623,image_00623.png,7,0.9532161241643365
624,image_00624.png,22,0.9527441865265981
625,image_00625.png,26,0.8300810319437111
626,image_00626.png,10,0.9362694563565406
627,image_00627.png,9,0.8305044021590806
628,image_00628.png,12,0.8738066155276006
629,image_00629.png,7,0.982771510401486
630,image_00630.png,11,0.8717180589421748
631,image_00631.png,20,0.8696664961154712
632,image_00632.png,12,0.922772177797942
633,image_00633.png,13,0.7727126820488766
634,image_00634.png,12,0.8046420025136644
635,image_00635.png,24,0.9323793381536717
636,image_00636.png,11,0.9715863904927197
637,image_00637.png,9,0.9627893420287725
638,image_00638.png,18,0.9349395178741889
639,image_00639.png,9,0.9610738681124127
640,image_00640.png,10,0.8363075528883754
641,image_00641.png,14,0.8651611034680953
642,image_00642.png,10,0.8956034759390535
643,image_00643.png,8,0.9397392601521201
644,image_00644.png,6,0.792245196725315
645,image_00645.png,2,0.7639134548961697
646,image_00646.png,5,0.9858255208345778
647,image_00647.png,4,0.992369859714593
648,image_00648.png,2,0.978721171397926
649,image_00649.png,4,0.9291022439995665
650,image_00650.png,2,0.9901960735850583
651,image_00651.png,5,0.9834403010773322
652,image_00652.png,3,0.9221496055030679
653,image_00653.png,8,0.9740037834661455
654,image_00654.png,11,0.9940689046028806
655,image_00655.png,6,0.9722740983828638
656,image_00656.png,9,0.9241935700942323
657,image_00657.png,6,0.9861220026680936
658,image_00658.png,2,0.9376269235248126
659,image_00659.png,0,
660,image_00660.png,1,0.9872340383521956
661,image_00661.png,8,0.9843627519473905
662,image_00662.png,7,0.9710816639766973
663,image_00663.png,6,0.9708150778680547
664,image_00664.png,9,0.9903524200653422
665,image_00665.png,9,0.9908651230924027
666,image_00666.png,4,0.9640307064556564
667,image_00667.png,7,0.9597450718179747
668,image_00668.png,6,0.9784471330572767
669,image_00669.png,5,0.9710111763544503
670,image_00670.png,1,0.4468085095820129
671,image_00671.png,7,0.9864835168055242
672,image_00672.png,7,0.7395346216647937
673,image_00673.png,2,0.9885311151318227
674,image_00674.png,4,0.7737470046487362
675,image_00675.png,4,0.6541518855840868
676,image_00676.png,5,0.973981991654542
677,image_00677.png,13,0.9616378365400097
678,image_00678.png,7,0.7973033610142897
679,image_00679.png,0,
680,image_00680.png,0,
681,image_00681.png,2,0.35697753010073063
682,image_00682.png,11,0.9045981549507656
683,image_00683.png,0,
684,image_00684.png,22,0.8917173960413326
685,image_00685.png,3,0.9828548591177139
686,image_00686.png,3,0.7852629111479809
687,image_00687.png,6,0.9093580575800204
688,image_00688.png,3,0.9760416617240212
689,image_00689.png,2,0.9865384568262507
690,image_00690.png,6,0.8202769254935091
691,image_00691.png,10,0.8152165890136127
692,image_00692.png,18,0.9484176333644752
693,image_00693.png,22,0.839002501655154
694,image_00694.png,16,0.9322028085780263
695,image_00695.png,14,0.9239004483410881
696,image_00696.png,16,0.876300760464472
697,image_00697.png,18,0.9064366835614143
698,image_00698.png,0,
699,image_00699.png,3,0.9720357882777643
700,image_00700.png,1,0.5231316707361863
701,image_00701.png,6,0.9341352154056605
702,image_00702.png,3,0.9265792523145562
703,image_00703.png,23,0.8633795664887388
704,image_00704.png,27,0.9711383271128212
705,image_00705.png,1,0.972257249719726
706,image_00706.png,12,0.8214750585900957
707,image_00707.png,10,0.9570704415201712
708,image_00708.png,19,0.9399311992751693
709,image_00709.png,16,0.9423088432953883
710,image_00710.png,9,0.9640104544446767
711,image_00711.png,11,0.9308398593499014
712,image_00712.png,9,0.9321965126894125
713,image_00713.png,7,0.9872008942193069
714,image_00714.png,5,0.8786524257559696
715,image_00715.png,4,0.9869362639439827
716,image_00716.png,24,0.8604683326212778
717,image_00717.png,11,0.9243260916471612
718,image_00718.png,9,0.9370358270448507
719,image_00719.png,2,0.973333327352919
720,image_00720.png,3,0.9582585525983767
721,image_00721.png,0,
722,image_00722.png,1,0.9999999936305732
723,image_00723.png,0,
724,image_00724.png,0,
725,image_00725.png,44,0.8704644960875956
726,image_00726.png,53,0.8990224287108293
727,image_00727.png,35,0.9113177382552704
728,image_00728.png,55,0.8789075829680998
729,image_00729.png,0,
730,image_00730.png,4,0.878324750244049
731,image_00731.png,8,0.9313265110823897
732,image_00732.png,2,0.9071014452902192
733,image_00733.png,4,0.9761505363255275
734,image_00734.png,8,0.9311273655229575
735,image_00735.png,40,0.9480409745997431
736,image_00736.png,4,0.6916542928929428
737,image_00737.png,6,0.9037145319817231
738,image_00738.png,20,0.9053679724547553
739,image_00739.png,26,0.9415267707122155
740,image_00740.png,7,0.9438303762414746
741,image_00741.png,16,0.8588463220639128
742,image_00742.png,15,0.9639417017733736
743,image_00743.png,35,0.9121650976488235
744,image_00744.png,4,0.7951673931636288
745,image_00745.png,31,0.8397385775730942
746,image_00746.png,43,0.8291865117901585
747,image_00747.png,49,0.8403996644859676
748,image_00748.png,47,0.8332130442013223
749,image_00749.png,0,
750,image_00750.png,0,
751,image_00751.png,0,
752,image_00752.png,0,
753,image_00753.png,0,
754,image_00754.png,7,0.9347025849774849
755,image_00755.png,6,0.9861034458184612
756,image_00756.png,4,0.9483384461262844
757,image_00757.png,8,0.9131939897085499
758,image_00758.png,13,0.9298189192489645
759,image_00759.png,4,0.9563471522088208
760,image_00760.png,9,0.9047404307437397
761,image_00761.png,4,0.9761027473176671
762,image_00762.png,12,0.9225646583004545
763,image_00763.png,47,0.8246791869372474
764,image_00764.png,40,0.908902480014523
765,image_00765.png,17,0.9097948784966086
766,image_00766.png,5,0.9932483283259682
767,image_00767.png,25,0.923388196533191
768,image_00768.png,1,0.967078185320666
769,image_00769.png,2,0.9759615312227667
770,image_00770.png,11,0.9519281884926524
771,image_00771.png,14,0.9755278049245695
772,image_00772.png,16,0.9640523976446056
773,image_00773.png,6,0.967448558637383
774,image_00774.png,13,0.9328761785123121
775,image_00775.png,10,0.9856117184410946
776,image_00776.png,9,0.9836339967341939
777,image_00777.png,9,0.9876830142408095
778,image_00778.png,18,0.9709031983081052
779,image_00779.png,11,0.9509612654477578
780,image_00780.png,20,0.9647133675413716
781,image_00781.png,14,0.9235012463825445
782,image_00782.png,12,0.9311721495234452
783,image_00783.png,9,0.9504590188181091
784,image_00784.png,7,0.9490358210737331
785,image_00785.png,11,0.9022072815805643
786,image_00786.png,13,0.9126168958505037
787,image_00787.png,18,0.9191748152706882
788,image_00788.png,14,0.8587945078944309
789,image_00789.png,6,0.8944643237413833
790,image_00790.png,13,0.8982459205832577
791,image_00791.png,7,0.9850960563256226
792,image_00792.png,19,0.9820462705691497
793,image_00793.png,8,0.9529136394965182
794,image_00794.png,19,0.9684958993722069
795,image_00795.png,18,0.9111148564608891
796,image_00796.png,20,0.9382341917216378
797,image_00797.png,11,0.957090282578723
798,image_00798.png,10,0.9055034984339543
799,image_00799.png,9,0.7800529427941694
800,image_00800.png,9,0.8949574490647998
801,image_00801.png,11,0.8286916297750534
802,image_00802.png,10,0.8851936814676605
803,image_00803.png,14,0.8663087399248981
804,image_00804.png,8,0.8895000327333323
805,image_00805.png,10,0.8774118043488089
806,image_00806.png,8,0.9062992740690574
807,image_00807.png,15,0.9037374500684423
808,image_00808.png,8,0.9586359318780856
809,image_00809.png,9,0.8597647771149819
810,image_00810.png,8,0.9542854388579043
811,image_00811.png,5,0.9450502801173128
812,image_00812.png,9,0.9668968771899468
813,image_00813.png,8,0.9829640681311792
814,image_00814.png,11,0.9202175964606508
815,image_00815.png,16,0.9363068347137793
816,image_00816.png,9,0.9631273779744447
817,image_00817.png,9,0.9271617414952341
818,image_00818.png,8,0.9783250081038308
819,image_00819.png,6,0.9171491745586912
820,image_00820.png,8,0.9744966269994351
821,image_00821.png,4,0.9971655286561659
822,image_00822.png,13,0.8324721436899355
823,image_00823.png,4,0.969128129641632
824,image_00824.png,3,0.7500465781250805
825,image_00825.png,8,0.7714128094316703
826,image_00826.png,21,0.8986310250477636
827,image_00827.png,12,0.98405706629
828,image_00828.png,11,0.9626322348863827
829,image_00829.png,20,0.9100003596733591
830,image_00830.png,20,0.9687197550203731
831,image_00831.png,15,0.9203913757844059
832,image_00832.png,33,0.8509425883019801
833,image_00833.png,24,0.8805978014081628
834,image_00834.png,35,0.861351812129118
835,image_00835.png,29,0.8483733832463265
836,image_00836.png,37,0.9491063582157938
837,image_00837.png,45,0.9442596899854709
838,image_00838.png,46,0.971674401363493
839,image_00839.png,31,0.9226686756973412
840,image_00840.png,39,0.9772899733285002
841,image_00841.png,35,0.9593971679864087
842,image_00842.png,35,0.9761010286741603
843,image_00843.png,46,0.9713046596058209
844,image_00844.png,62,0.8605409385829914
845,image_00845.png,38,0.9358936955921446
846,image_00846.png,43,0.9499637198163695
847,image_00847.png,36,0.9713003904045693
848,image_00848.png,38,0.9389049859180931
849,image_00849.png,15,0.9547608393042396
850,image_00850.png,15,0.9233296402493372
851,image_00851.png,15,0.9720502279725334
852,image_00852.png,9,0.9680543499273647
853,image_00853.png,11,0.9748053219208838
854,image_00854.png,13,0.9416929176878079
855,image_00855.png,21,0.87778015418338
856,image_00856.png,37,0.9032968557663147
857,image_00857.png,16,0.8284833050272438
858,image_00858.png,37,0.8999641687467322
859,image_00859.png,38,0.9291689090524833
860,image_00860.png,6,0.9997403904751428
861,image_00861.png,13,0.947443137921544
862,image_00862.png,15,0.8848119533675621
863,image_00863.png,18,0.9780956562009254
864,image_00864.png,12,0.9407175403448779
865,image_00865.png,22,0.9578279025213003
866,image_00866.png,19,0.9704442816201219
867,image_00867.png,17,0.9655989025369538
868,image_00868.png,19,0.9796421809554221
869,image_00869.png,23,0.971553156962168
870,image_00870.png,18,0.9671777538650392
871,image_00871.png,16,0.9479662516637286
872,image_00872.png,21,0.9339344623299889
873,image_00873.png,17,0.9002544098911662
874,image_00874.png,12,0.9247315006436415
875,image_00875.png,14,0.9717574309939462
876,image_00876.png,18,0.9325768546612471
877,image_00877.png,19,0.9802523383995551
878,image_00878.png,0,
879,image_00879.png,1,0.9358226360142092
880,image_00880.png,2,0.8770491737637732
881,image_00881.png,2,0.8899869504143183
882,image_00882.png,3,0.9722093460134436
883,image_00883.png,0,
884,image_00884.png,1,0.9999999736842112
885,image_00885.png,0,
886,image_00886.png,5,0.918130276139373
887,image_00887.png,2,0.9374999941257791
888,image_00888.png,2,0.8727446653559723
889,image_00889.png,3,0.8449603395517276
890,image_00890.png,0,
891,image_00891.png,1,0.99999997826087
892,image_00892.png,9,0.839884598089512
893,image_00893.png,26,0.8015135027082226
894,image_00894.png,26,0.8464513682461701
895,image_00895.png,33,0.8606618305934379
896,image_00896.png,22,0.9363946271111806
897,image_00897.png,18,0.8046606569770729
898,image_00898.png,23,0.8263125882690632
899,image_00899.png,28,0.8922696320678261
900,image_00900.png,21,0.8932895745209156
901,image_00901.png,26,0.8407979009566737
902,image_00902.png,30,0.8800338417874704
903,image_00903.png,28,0.903540692357416
904,image_00904.png,13,0.9889769057073975
905,image_00905.png,23,0.9676765522881744
906,image_00906.png,34,0.8680732991779252
907,image_00907.png,10,0.9969666831209363
908,image_00908.png,29,0.8866240632354544
909,image_00909.png,32,0.9381481434971553
910,image_00910.png,21,0.812672826732139
911,image_00911.png,29,0.9352378836202909
912,image_00912.png,11,0.9105761229165313
913,image_00913.png,15,0.9370771310097108
914,image_00914.png,14,0.9436266456502628
915,image_00915.png,10,0.9819446840438104
916,image_00916.png,13,0.9045644638842973
917,image_00917.png,5,0.9639934028144571
918,image_00918.png,6,0.9700283872909746
919,image_00919.png,9,0.8943045397793221
920,image_00920.png,5,0.9645587316474188
921,image_00921.png,7,0.8073595618789601
922,image_00922.png,11,0.972114627523791
923,image_00923.png,8,0.9003533895722612
924,image_00924.png,15,0.9675081508628653
925,image_00925.png,11,0.8886647638890277
926,image_00926.png,18,0.9437471210403482
927,image_00927.png,15,0.8138744074146878
928,image_00928.png,17,0.9040274451100454
929,image_00929.png,6,0.8134970643809171
930,image_00930.png,22,0.7873415683444415
931,image_00931.png,45,0.8392880081954821
932,image_00932.png,78,0.723920365677611
933,image_00933.png,12,0.8510401606849571
934,image_00934.png,10,0.9667513269860064
935,image_00935.png,7,0.9797268732534918
936,image_00936.png,14,0.8771878822315999
937,image_00937.png,17,0.9811990433456574
938,image_00938.png,7,0.9592196951483213
939,image_00939.png,8,0.9472837282155114
940,image_00940.png,16,0.9384671454259601
941,image_00941.png,12,0.8979998186654262
942,image_00942.png,13,0.8918349830141122
943,image_00943.png,13,0.9877723830001083
944,image_00944.png,15,0.9402233750039789
945,image_00945.png,7,0.9652364637833027
946,image_00946.png,10,0.9600031587505965
947,image_00947.png,4,0.9062083705413462
948,image_00948.png,4,0.9948395588923538
949,image_00949.png,11,0.9535723994917508
950,image_00950.png,6,0.8832976652956998
951,image_00951.png,6,0.890026178933219
952,image_00952.png,8,0.9547629596679825
953,image_00953.png,13,0.9395043364586265
954,image_00954.png,11,0.8821351747209502
955,image_00955.png,10,0.9451258152617538
956,image_00956.png,10,0.9041108550469644
957,image_00957.png,10,0.9102024311815621
958,image_00958.png,11,0.943823461968648
959,image_00959.png,34,0.872878049418918
960,image_00960.png,39,0.8603158024742222
961,image_00961.png,32,0.9057011418639049
962,image_00962.png,36,0.8452203958366676
963,image_00963.png,27,0.8383924326364094
964,image_00964.png,9,0.9792327637359671
965,image_00965.png,17,0.9611539425532621
966,image_00966.png,8,0.9669527792998367
967,image_00967.png,20,0.9800405892564168
968,image_00968.png,4,0.832809877249506
969,image_00969.png,11,0.8154467226826779
970,image_00970.png,19,0.7593310131796558
971,image_00971.png,12,0.8345610518438525
972,image_00972.png,6,0.9842699817801722
973,image_00973.png,5,0.9964263237558469
974,image_00974.png,3,0.9999999952424522
975,image_00975.png,2,0.9999999938953489
976,image_00976.png,0,
977,image_00977.png,2,0.9971910067126435
978,image_00978.png,3,0.9999999949914699
979,image_00979.png,2,0.9990421432450927
980,image_00980.png,2,0.9986842080511983
981,image_00981.png,8,0.8784015591876142
982,image_00982.png,16,0.9216158746525847
983,image_00983.png,19,0.9243842036689478
984,image_00984.png,8,0.9416689026058276
985,image_00985.png,13,0.9065225143957527
986,image_00986.png,10,0.8439884374272519
987,image_00987.png,13,0.7919491650132543
988,image_00988.png,13,0.9424597637957619
989,image_00989.png,18,0.8818088130677761
990,image_00990.png,1,0.9985895613560092
991,image_00991.png,2,0.9999999964363769
992,image_00992.png,4,0.9578640638094099
993,image_00993.png,3,0.9923124857864473
994,image_00994.png,4,0.996203030218241
995,image_00995.png,4,0.9925705451773539
996,image_00996.png,13,0.9541451975634595
997,image_00997.png,7,0.915852707437873
998,image_00998.png,5,0.9845175984338421
999,image_00999.png,5,0.8797264159951437
1000,image_001000.png,6,0.978018678715368
1001,image_001001.png,6,0.9890108168984658
1002,image_001002.png,1,0.9999999933333334
1003,image_001003.png,3,0.9987562170875032
1004,image_001004.png,2,0.8256170272373385
1005,image_001005.png,4,0.9872695057110742
1006,image_001006.png,6,0.9753180194566488
1007,image_001007.png,16,0.9740494654038985
1008,image_001008.png,20,0.9325839240289578
1009,image_001009.png,13,0.9840239973011919
1010,image_001010.png,15,0.9777199379138914
1011,image_001011.png,12,0.9777542818501571
1012,image_001012.png,13,0.9869100921688708
1013,image_001013.png,15,0.9780966992361149
1014,image_001014.png,8,0.9396998720207406
1015,image_001015.png,16,0.9424594581903367
1016,image_001016.png,15,0.8785925651626847
1017,image_001017.png,22,0.936561198341861
1018,image_001018.png,17,0.8357977027341892
1019,image_001019.png,19,0.9380994701194524
1020,image_001020.png,13,0.9563406528776901
1021,image_001021.png,15,0.9463638608370957
1022,image_001022.png,9,0.926654827523361
1023,image_001023.png,1,0.9759450138283676
1024,image_001024.png,1,0.9999999925925926
1025,image_001025.png,3,0.9260117707785063
1026,image_001026.png,0,
1027,image_001027.png,0,
1028,image_001028.png,0,
1029,image_001029.png,0,
1030,image_001030.png,2,0.9272690482944951
1031,image_001031.png,7,0.9752508915983444
1032,image_001032.png,11,0.8275823386413621
1033,image_001033.png,11,0.9622738934979104
1034,image_001034.png,6,0.9936398419726943
1035,image_001035.png,19,0.9679147583652692
1036,image_001036.png,11,0.9451198220956097
1037,image_001037.png,11,0.9410600442543999
1038,image_001038.png,14,0.8950153003246238
1039,image_001039.png,7,0.9210155853750138
1040,image_001040.png,10,0.843344335683194
1041,image_001041.png,10,0.974203297066359
1042,image_001042.png,8,0.9613625490827529
1043,image_001043.png,10,0.9925640216409052
1044,image_001044.png,9,0.9010808933326894
1045,image_001045.png,6,0.7947397584536149
1046,image_001046.png,1,0.9999999938650308
1047,image_001047.png,5,0.9564297397915021
1048,image_001048.png,3,0.7327968001561117
1049,image_001049.png,6,0.8864623604390518
1050,image_001050.png,6,0.8736495858032107
1051,image_001051.png,4,0.9554683860956592
1052,image_001052.png,6,0.8608042439135427
1053,image_001053.png,6,0.9740309880959899
1054,image_001054.png,6,0.8409634421832543
1055,image_001055.png,4,0.8598345269420289
1056,image_001056.png,4,0.9209342164530149
1057,image_001057.png,9,0.9564799350931019
1058,image_001058.png,4,0.8193706114498669
1059,image_001059.png,3,0.7973553436528776
1060,image_001060.png,2,0.8730669725002675
1061,image_001061.png,7,0.8192358657009206
1062,image_001062.png,5,0.8431846479316352
1063,image_001063.png,3,0.9310231814623376
1064,image_001064.png,4,0.8036728594604718
1065,image_001065.png,1,0.7999999930434784
1066,image_001066.png,6,0.9644114685813968
1067,image_001067.png,0,
1068,image_001068.png,4,0.7074080096846528
1069,image_001069.png,6,0.7975128702232777
1070,image_001070.png,4,0.813817268573467
1071,image_001071.png,2,0.8037478128208562
1072,image_001072.png,5,0.9053562937085509
1073,image_001073.png,1,0.9359756088049028
1074,image_001074.png,5,0.9260510724497795
1075,image_001075.png,4,0.9919449372540746
1076,image_001076.png,6,0.9937502597579767
1077,image_001077.png,8,0.9799851971993812
1078,image_001078.png,5,0.9244558399907212
1079,image_001079.png,3,0.9891098074588355
1080,image_001080.png,4,0.9093302244825989
1081,image_001081.png,7,0.9914493434379489
1082,image_001082.png,4,0.9923956132814681
1083,image_001083.png,7,0.9127961099953502
1084,image_001084.png,5,0.9519057911419267
1085,image_001085.png,8,0.9109309853889869
1086,image_001086.png,8,0.9789892018447605
1087,image_001087.png,5,0.9185858720450234
1088,image_001088.png,16,0.8098347772147114
1089,image_001089.png,1,0.9999999921259844
1090,image_001090.png,14,0.8401335500807592
1091,image_001091.png,9,0.8922308153907572
1092,image_001092.png,4,0.8921484292704934
1093,image_001093.png,11,0.9857411055875485
1094,image_001094.png,11,0.9857991419374479
1095,image_001095.png,3,0.990839668770489
1096,image_001096.png,5,0.9622604498263427
1097,image_001097.png,7,0.9472735594379439
1098,image_001098.png,5,0.9886864660766468
1099,image_001099.png,12,0.9869243079539167
1100,image_001100.png,9,0.8764547212993716
1101,image_001101.png,5,0.9905406846125709
1102,image_001102.png,5,0.9170013530584168
1103,image_001103.png,5,0.943302236098296
1104,image_001104.png,0,
1105,image_001105.png,12,0.9829444071551228
1106,image_001106.png,3,0.9907902294366485
1107,image_001107.png,4,0.9676608382911379
1108,image_001108.png,4,0.8816979703868717
1109,image_001109.png,5,0.9781866358136548
1110,image_001110.png,8,0.9032227933154371
1111,image_001111.png,8,0.9303234261352602
1112,image_001112.png,9,0.9816499744495152
1113,image_001113.png,9,0.980932031460833
1114,image_001114.png,9,0.9909728273251369
1115,image_001115.png,9,0.8771659455588333
1116,image_001116.png,15,0.93020229605797
1117,image_001117.png,9,0.8897196849968528
1118,image_001118.png,10,0.8213639171157243
1119,image_001119.png,21,0.9013140709144712
1120,image_001120.png,18,0.7869443705984511
1121,image_001121.png,8,0.82784839728919
1122,image_001122.png,15,0.849680786693531
1123,image_001123.png,18,0.8467332826237186
1124,image_001124.png,22,0.8491090520134517
1125,image_001125.png,14,0.9464703019124895
1126,image_001126.png,22,0.7885802018395747
1127,image_001127.png,8,0.9607393408488126
1128,image_001128.png,3,0.993133663138106
1129,image_001129.png,10,0.9915673320385929
1130,image_001130.png,12,0.9608772919451106
1131,image_001131.png,8,0.9926400639612789
1132,image_001132.png,3,0.9754076154411969
1133,image_001133.png,11,0.9919619763733362
1134,image_001134.png,6,0.8040697292178889
1135,image_001135.png,7,0.9817702242446721
1136,image_001136.png,3,0.9999999963630447
1137,image_001137.png,7,0.9901665936548077
1138,image_001138.png,9,0.989347827816033
1139,image_001139.png,14,0.8662729496488567
1140,image_001140.png,11,0.8069269627369248
1141,image_001141.png,9,0.9578610069686952
1142,image_001142.png,14,0.9027242788728955
1143,image_001143.png,13,0.9499751342372947
1144,image_001144.png,1,0.9999999836065576
1145,image_001145.png,7,0.9922419067565297
1146,image_001146.png,16,0.8964036773328414
1147,image_001147.png,6,0.9928334971672794
1148,image_001148.png,8,0.9645274541827078
1149,image_001149.png,7,0.8745735446525692
1150,image_001150.png,7,0.8030356234687339
1151,image_001151.png,5,0.9660013722595119
1152,image_001152.png,8,0.9233651565237961
1153,image_001153.png,12,0.8219791025165827
1154,image_001154.png,10,0.918979476934845
1155,image_001155.png,7,0.8998489594198181
1156,image_001156.png,9,0.8936871191649617
1157,image_001157.png,2,0.7422619018497785
1158,image_001158.png,11,0.9833752053465274
1159,image_001159.png,5,0.937566999685626
1160,image_001160.png,7,0.9084635843806642
1161,image_001161.png,8,0.9703328940792171
1162,image_001162.png,8,0.9687280804726579
1163,image_001163.png,5,0.8800075640138324
1164,image_001164.png,7,0.9130120855369244
1165,image_001165.png,13,0.93517771082774
1166,image_001166.png,12,0.9053824510668518
1167,image_001167.png,9,0.8884992115320066
1168,image_001168.png,11,0.95372936489819
1169,image_001169.png,15,0.897264292142058
1170,image_001170.png,6,0.985131698237308
1171,image_001171.png,12,0.9840164691266936
1172,image_001172.png,7,0.9861163767487684
1173,image_001173.png,11,0.9833921119803986
1174,image_001174.png,12,0.9221645761549814
1175,image_001175.png,5,0.9376372554261018
1176,image_001176.png,16,0.9148209106713739
1177,image_001177.png,15,0.967455066722412
1178,image_001178.png,8,0.9875024960183478
1179,image_001179.png,11,0.9476899927682463
1180,image_001180.png,7,0.9659652620169954
1181,image_001181.png,7,0.8495934777572148
1182,image_001182.png,9,0.9446195736403088
1183,image_001183.png,7,0.8634518322634873
1184,image_001184.png,31,0.9473801169650379
1185,image_001185.png,28,0.9133529543224576
1186,image_001186.png,15,0.8744395841366204
1187,image_001187.png,25,0.9279193353594266
1188,image_001188.png,26,0.8496198334873248
1189,image_001189.png,17,0.8902853802195769
1190,image_001190.png,8,0.9287241109183989
1191,image_001191.png,6,0.9862645685971912
1192,image_001192.png,8,0.8374913775399243
1193,image_001193.png,10,0.9506624051953482
1194,image_001194.png,7,0.9167551940252314
1195,image_001195.png,10,0.7771554538167439
1196,image_001196.png,5,0.9031873599570334
1197,image_001197.png,5,0.9349955519184746
1198,image_001198.png,7,0.8884961960008351
1199,image_001199.png,10,0.9459150642373665
1200,image_001200.png,7,0.8956818387530856
1201,image_001201.png,20,0.8906299996796436
1202,image_001202.png,6,0.9516442633466311
1203,image_001203.png,2,0.9743501237220654
1204,image_001204.png,7,0.9863528992217127
1205,image_001205.png,1,0.9801980100970494
1206,image_001206.png,8,0.9647829901448917
1207,image_001207.png,8,0.9622422623777298
1208,image_001208.png,10,0.9717848360346159
1209,image_001209.png,6,0.9383746294537137
1210,image_001210.png,8,0.9678843915004359
1211,image_001211.png,6,0.9401083442615824
1212,image_001212.png,10,0.9801599408900161
1213,image_001213.png,10,0.9730507020911873
1214,image_001214.png,10,0.9374214197335029
1215,image_001215.png,11,0.9560038637861203
1216,image_001216.png,16,0.9173388929097643
1217,image_001217.png,12,0.8830138301693738
1218,image_001218.png,8,0.8958538391538393
1219,image_001219.png,10,0.9291537402321175
1220,image_001220.png,12,0.8264986821221877
1221,image_001221.png,12,0.9713604493930751
1222,image_001222.png,9,0.9443042296106872
1223,image_001223.png,8,0.8941144099072127
1224,image_001224.png,9,0.8027270511485514
1225,image_001225.png,7,0.9363513722056653
1226,image_001226.png,9,0.8721603859602844
1227,image_001227.png,15,0.9120041579263884
1228,image_001228.png,6,0.8853809944040122
1229,image_001229.png,10,0.931533450458115
1230,image_001230.png,12,0.8565604135135813
1231,image_001231.png,5,0.9712180119438152
1232,image_001232.png,7,0.971533345844905
1233,image_001233.png,8,0.9363814292118866
1234,image_001234.png,9,0.9523910494060925
1235,image_001235.png,8,0.9003334558725045
1236,image_001236.png,10,0.7860600809434974
1237,image_001237.png,15,0.8910307956488498
1238,image_001238.png,17,0.8821716390975363
1239,image_001239.png,16,0.8452661884038382
1240,image_001240.png,13,0.9660310468792355
1241,image_001241.png,0,
1242,image_001242.png,14,0.9389615167365888
1243,image_001243.png,0,
1244,image_001244.png,0,
1245,image_001245.png,0,
1246,image_001246.png,8,0.9467917632464931
1247,image_001247.png,14,0.9687963324344874
1248,image_001248.png,0,
1249,image_001249.png,0,
1250,image_001250.png,0,
1251,image_001251.png,17,0.9723361770398772
1252,image_001252.png,12,0.9675446899746882
1253,image_001253.png,9,0.9830269521892261
1254,image_001254.png,15,0.9688329848294597
1255,image_001255.png,0,
1256,image_001256.png,2,0.9911302431364587
1257,image_001257.png,15,0.8517886098969359
1258,image_001258.png,14,0.9453554630914345
1259,image_001259.png,19,0.8903715964529596
1260,image_001260.png,15,0.9221286964449447
1261,image_001261.png,13,0.8556145025891204
1262,image_001262.png,4,0.9519767153682948
1263,image_001263.png,17,0.9527012021965707
1264,image_001264.png,7,0.9898269214339817
1265,image_001265.png,17,0.9362369154218909
1266,image_001266.png,16,0.9009878031594184
1267,image_001267.png,1,0.9999999958506224
1268,image_001268.png,5,0.9434931976732004
1269,image_001269.png,12,0.8954561425875697
1270,image_001270.png,1,0.9751712320418052
1271,image_001271.png,8,0.9914172094955231
1272,image_001272.png,2,0.960166260592568
1273,image_001273.png,3,0.9999999874180193
1274,image_001274.png,3,0.7830345716993233
1275,image_001275.png,4,0.9978230475452583
1276,image_001276.png,4,0.7363781025964491
1277,image_001277.png,1,0.9999999958677688
1278,image_001278.png,6,0.8293619474990721
1279,image_001279.png,1,0.9883268444033976
1280,image_001280.png,10,0.8452891974742414
1281,image_001281.png,9,0.8977099872962196
1282,image_001282.png,15,0.8688484003309062
1283,image_001283.png,13,0.9143052775947111
1284,image_001284.png,15,0.8949599144855611
1285,image_001285.png,11,0.8609255920462755
1286,image_001286.png,15,0.9507121210623384
1287,image_001287.png,25,0.8019452668838679
1288,image_001288.png,10,0.9183990057636393
1289,image_001289.png,8,0.974381886006266
1290,image_001290.png,20,0.8985893886493802
1291,image_001291.png,23,0.9020075733091109
1292,image_001292.png,20,0.9721010202287106
1293,image_001293.png,20,0.834092681372341
1294,image_001294.png,15,0.9100647032970107
1295,image_001295.png,20,0.9554067281121507
1296,image_001296.png,34,0.7728826466878088
1297,image_001297.png,21,0.9782925117544049
1298,image_001298.png,20,0.9852097849112204
1299,image_001299.png,16,0.9249990881273353
1300,image_001300.png,0,
1301,image_001301.png,20,0.8316781685739354
1302,image_001302.png,29,0.8834659742087747
1303,image_001303.png,0,
1304,image_001304.png,32,0.7920255150861264
1305,image_001305.png,1,0.8936170165233137
1306,image_001306.png,45,0.8670589534961497
1307,image_001307.png,22,0.9182174044321582
1308,image_001308.png,20,0.8438089150227326
1309,image_001309.png,16,0.9700682268018023
1310,image_001310.png,8,0.9852689992284049
1311,image_001311.png,11,0.7687796358621416
1312,image_001312.png,15,0.8327842929707642
1313,image_001313.png,23,0.9338472829212197
1314,image_001314.png,15,0.9772050747342644
1315,image_001315.png,21,0.9678758454377563
1316,image_001316.png,20,0.9117534939355888
1317,image_001317.png,16,0.8282003474663475
1318,image_001318.png,8,0.8885890507301701
1319,image_001319.png,18,0.8483753574420096
1320,image_001320.png,7,0.9375872166500899
1321,image_001321.png,8,0.9322192218168879
1322,image_001322.png,13,0.867761692573374
1323,image_001323.png,13,0.9752002255151913
1324,image_001324.png,0,
1325,image_001325.png,2,0.8331498769509
1326,image_001326.png,43,0.8400982476333899
1327,image_001327.png,18,0.9391027660793506
1328,image_001328.png,1,0.976377948911898
1329,image_001329.png,1,0.9999999913793104
1330,image_001330.png,11,0.9801400514041997
1331,image_001331.png,8,0.9818318148788621
1332,image_001332.png,13,0.9839955589532502
1333,image_001333.png,13,0.9894240022511831
1334,image_001334.png,10,0.9740092708421783
1335,image_001335.png,14,0.9546360895631744
1336,image_001336.png,19,0.9747683671689465
1337,image_001337.png,12,0.949742988583143
1338,image_001338.png,2,0.9850384054180505
1339,image_001339.png,7,0.9983765720813432
1340,image_001340.png,5,0.826489331309008
1341,image_001341.png,0,
1342,image_001342.png,2,0.9924193626599311
1343,image_001343.png,13,0.9721171214360853
1344,image_001344.png,0,
1345,image_001345.png,7,0.7832501748216769
1346,image_001346.png,10,0.9695566413122677
1347,image_001347.png,12,0.9882198970537227
1348,image_001348.png,13,0.991113585328283
1349,image_001349.png,11,0.9898737899300735
1350,image_001350.png,7,0.9705381514286817
1351,image_001351.png,5,0.9747711538075512
1352,image_001352.png,3,0.9225604140531378
1353,image_001353.png,2,0.8629130759976373
1354,image_001354.png,4,0.751165448968056
1355,image_001355.png,1,0.9482001747601402
1356,image_001356.png,2,0.9242761629437537
1357,image_001357.png,3,0.9871093340214295
1358,image_001358.png,1,0.9999999942528736
1359,image_001359.png,6,0.9916569278019126
1360,image_001360.png,0,
1361,image_001361.png,0,
1362,image_001362.png,2,0.9861878406274738
1363,image_001363.png,4,0.9813407746140173
1364,image_001364.png,2,0.72146969264282
1365,image_001365.png,3,0.8361545358164516
1366,image_001366.png,8,0.9463338310268951
1367,image_001367.png,7,0.9118051431726435
1368,image_001368.png,3,0.9707189241612436
1369,image_001369.png,0,
1370,image_001370.png,11,0.9902179084254148
1371,image_001371.png,8,0.9567264584774853
1372,image_001372.png,11,0.9790398701396559
1373,image_001373.png,10,0.9706319497142755
1374,image_001374.png,7,0.8651237356496784
1375,image_001375.png,5,0.9084638759223663
1376,image_001376.png,7,0.9208977019987981
1377,image_001377.png,4,0.8480494358265814
1378,image_001378.png,6,0.9414555184815686
1379,image_001379.png,4,0.9002767176024217
1380,image_001380.png,5,0.9831451831248804
1381,image_001381.png,8,0.9699734963607023
1382,image_001382.png,8,0.9502957285532305
1383,image_001383.png,9,0.8673360555700007
1384,image_001384.png,7,0.8316651669426335
1385,image_001385.png,7,0.8986364287788985
1386,image_001386.png,8,0.8925286373315966
1387,image_001387.png,8,0.934880163902948
1388,image_001388.png,9,0.9225033733376125
1389,image_001389.png,1,0.9458762862219684
1390,image_001390.png,0,
1391,image_001391.png,10,0.9086367983236258
1392,image_001392.png,5,0.9644243889219073
1393,image_001393.png,3,0.9832644592243578
1394,image_001394.png,8,0.800424790630438
1395,image_001395.png,5,0.9454329940194286
1396,image_001396.png,0,
1397,image_001397.png,2,0.8920783297557089
1398,image_001398.png,2,0.9918110304248087
1399,image_001399.png,2,0.9300699284780614
1400,image_001400.png,3,0.9971363021725939
1401,image_001401.png,4,0.8437388861157529
1402,image_001402.png,6,0.7010047603857404
1403,image_001403.png,5,0.8211102036048287
1404,image_001404.png,2,0.9191666636341436
1405,image_001405.png,9,0.9479464929248466
1406,image_001406.png,13,0.9200002979946843
1407,image_001407.png,16,0.9144962719619538
1408,image_001408.png,13,0.9028921697747682
1409,image_001409.png,16,0.9151490298653451
1410,image_001410.png,10,0.9769805096643113
1411,image_001411.png,15,0.9256316477291261
1412,image_001412.png,7,0.9770111331572304
1413,image_001413.png,11,0.7836769878558504
1414,image_001414.png,3,0.7729088595836631
1415,image_001415.png,8,0.9164441358165059
1416,image_001416.png,10,0.897356306196196
1417,image_001417.png,9,0.9743300065390446
1418,image_001418.png,12,0.9527307114575101
1419,image_001419.png,3,0.9261870444757371
1420,image_001420.png,3,0.7991669917999998
1421,image_001421.png,5,0.8852265327203238
1422,image_001422.png,6,0.9241284889005552
1423,image_001423.png,10,0.8988328033075161
1424,image_001424.png,3,0.9608293027479954
1425,image_001425.png,6,0.8991009201383604
1426,image_001426.png,5,0.9850442141406607
1427,image_001427.png,12,0.9388985061758227
1428,image_001428.png,9,0.9969791314041058
1429,image_001429.png,7,0.9366578172720781
1430,image_001430.png,8,0.9808082607028088
1431,image_001431.png,15,0.8910450590388338
1432,image_001432.png,16,0.9363817823324505
1433,image_001433.png,15,0.9742024352236224
1434,image_001434.png,0,
1435,image_001435.png,0,
1436,image_001436.png,0,
1437,image_001437.png,17,0.8699525566929831
1438,image_001438.png,14,0.9382720462468516
1439,image_001439.png,15,0.9903808241824554
1440,image_001440.png,0,
1441,image_001441.png,1,0.9623655862238408
1442,image_001442.png,0,
1443,image_001443.png,1,0.9999999966329968
1444,image_001444.png,0,
1445,image_001445.png,8,0.9202742820852178
1446,image_001446.png,19,0.9322613260124621
1447,image_001447.png,10,0.9398554378639107
1448,image_001448.png,20,0.8310379418786864
1449,image_001449.png,9,0.9704541780600562
1450,image_001450.png,6,0.7833942157682748
1451,image_001451.png,6,0.9625202374145578
1452,image_001452.png,12,0.8766982268231672
1453,image_001453.png,16,0.9071513312439887
1454,image_001454.png,9,0.8668407191158063
1455,image_001455.png,18,0.8179572727482374
1456,image_001456.png,14,0.9255758729390534
1457,image_001457.png,14,0.9758918719898128
1458,image_001458.png,14,0.862130336705682
1459,image_001459.png,10,0.7889856620369979
1460,image_001460.png,6,0.9911898925194885
1461,image_001461.png,11,0.9523433146392464
1462,image_001462.png,16,0.9304595453081167
1463,image_001463.png,16,0.8959692675775848
1464,image_001464.png,10,0.9473972120408296
1465,image_001465.png,9,0.9574986147433157
1466,image_001466.png,3,0.9918795662839365
1467,image_001467.png,9,0.9280462880278656
1468,image_001468.png,10,0.9471494660488157
1469,image_001469.png,4,0.9336080358186305
1470,image_001470.png,3,0.8329957675470127
1471,image_001471.png,0,
1472,image_001472.png,0,
1473,image_001473.png,0,
1474,image_001474.png,2,0.9257373705196548
1475,image_001475.png,2,0.9295774571763831
1476,image_001476.png,0,
1477,image_001477.png,0,
1478,image_001478.png,0,
1479,image_001479.png,5,0.9635426779151601
1480,image_001480.png,8,0.9891167384105143
1481,image_001481.png,12,0.9904600570593938
1482,image_001482.png,6,0.9878380535847158
1483,image_001483.png,9,0.9548363451094988
1484,image_001484.png,7,0.9957300004085265
1485,image_001485.png,8,0.9928413130287161
1486,image_001486.png,7,0.9828421742701103
1487,image_001487.png,9,0.9731174375497721
1488,image_001488.png,10,0.9127348090988269
1489,image_001489.png,11,0.9380773956340414
1490,image_001490.png,10,0.9155351078359276
1491,image_001491.png,14,0.8154826971641235
1492,image_001492.png,16,0.9090317586893442
1493,image_001493.png,12,0.9929112704322359
1494,image_001494.png,12,0.9542631083796493
1495,image_001495.png,15,0.9928091528787177
1496,image_001496.png,15,0.9925247475512069
1497,image_001497.png,12,0.8612566465196324
1498,image_001498.png,18,0.9307483902710216
1499,image_001499.png,15,0.9624931264644526
1500,image_001500.png,10,0.9259762991384084
1501,image_001501.png,15,0.8877647249053415
1502,image_001502.png,11,0.9878546349779337
1503,image_001503.png,17,0.8828631225757658
1504,image_001504.png,1,0.9746835319660312
1505,image_001505.png,1,0.997690528873694
1506,image_001506.png,2,0.9893616983934566
1507,image_001507.png,12,0.868291773844614
1508,image_001508.png,10,0.8012524360125228
1509,image_001509.png,7,0.9306599675404579
1510,image_001510.png,12,0.9201705957749565
1511,image_001511.png,5,0.8874862950761992
1512,image_001512.png,15,0.8756658061517422
1513,image_001513.png,7,0.8542860565502401
1514,image_001514.png,1,0.9892141741306408
1515,image_001515.png,21,0.9352688666363843
1516,image_001516.png,19,0.9501469138977199
1517,image_001517.png,7,0.8013973792037421
1518,image_001518.png,11,0.9793714838394428
1519,image_001519.png,0,
1520,image_001520.png,0,
1521,image_001521.png,0,
1522,image_001522.png,0,
1523,image_001523.png,2,0.8735128814756896
1524,image_001524.png,0,
1525,image_001525.png,3,0.952457323895409
1526,image_001526.png,0,
1527,image_001527.png,8,0.95856097091894
1528,image_001528.png,7,0.9457202476867047
1529,image_001529.png,10,0.964104615513838
1530,image_001530.png,3,0.9923942353828162
1531,image_001531.png,9,0.9613013432580116
1532,image_001532.png,4,0.9865199531841422
1533,image_001533.png,3,0.9786715243598435
1534,image_001534.png,2,0.5084129197394976
1535,image_001535.png,1,0.9869706829674584
1536,image_001536.png,3,0.9827032168272004
1537,image_001537.png,2,0.7423080247771542
1538,image_001538.png,0,
1539,image_001539.png,0,
1540,image_001540.png,0,
1541,image_001541.png,0,
1542,image_001542.png,0,
1543,image_001543.png,0,
1544,image_001544.png,1,0.9999999855072468
1545,image_001545.png,0,
1546,image_001546.png,0,
1547,image_001547.png,32,0.8886434121430952
1548,image_001548.png,34,0.9434014753093765
1549,image_001549.png,34,0.9430912872803735
1550,image_001550.png,41,0.897007572184798
1551,image_001551.png,28,0.8843822737574412
1552,image_001552.png,40,0.9145581246965019
1553,image_001553.png,40,0.8828531812517454
1554,image_001554.png,18,0.9790433925089432
1555,image_001555.png,7,0.928812473115553
1556,image_001556.png,8,0.8322522024019012
1557,image_001557.png,13,0.9125263894657762
1558,image_001558.png,0,
1559,image_001559.png,0,
1560,image_001560.png,0,
1561,image_001561.png,12,0.9410095443015863
1562,image_001562.png,9,0.9636152832051601
1563,image_001563.png,12,0.8135339107742321
1564,image_001564.png,2,0.9804636726613166
1565,image_001565.png,2,0.9754890634117714
1566,image_001566.png,5,0.8800100169569351
1567,image_001567.png,10,0.8588374588961625
1568,image_001568.png,15,0.8768265551879157
1569,image_001569.png,13,0.7883812084695749
1570,image_001570.png,18,0.9098596060281463
1571,image_001571.png,21,0.816847306237235
1572,image_001572.png,16,0.9517911470184314
1573,image_001573.png,15,0.8253523947727205
1574,image_001574.png,12,0.9754732186162566
1575,image_001575.png,0,
1576,image_001576.png,11,0.9679281419670022
1577,image_001577.png,11,0.941364708271356
1578,image_001578.png,14,0.8512496493501766
1579,image_001579.png,4,0.9929818477089651
1580,image_001580.png,12,0.9268346174739892
1581,image_001581.png,10,0.9128405138362066
1582,image_001582.png,1,0.9930555538315008
1583,image_001583.png,4,0.9305634363823301
1584,image_001584.png,8,0.9474332675850695
1585,image_001585.png,9,0.935380700206025
1586,image_001586.png,13,0.8105784950675591
1587,image_001587.png,12,0.842573179071571
1588,image_001588.png,9,0.9350368171028234
1589,image_001589.png,13,0.9523242577176092
1590,image_001590.png,16,0.9105073196423022
1591,image_001591.png,9,0.9730280338905613
1592,image_001592.png,3,0.9986664986751338
1593,image_001593.png,8,0.876566002791674
1594,image_001594.png,14,0.9200689325662513
1595,image_001595.png,1,0.991869910635204
1596,image_001596.png,0,
1597,image_001597.png,10,0.8778608594277989
1598,image_001598.png,11,0.9570620997908108
1599,image_001599.png,11,0.9390805748544597
1600,image_001600.png,0,
1601,image_001601.png,0,
1602,image_001602.png,10,0.9666558719255877
1603,image_001603.png,2,0.9999999965529027
1604,image_001604.png,11,0.8384698076250131
1605,image_001605.png,2,0.7659112047754469
1606,image_001606.png,2,0.9176483947549159
1607,image_001607.png,0,
1608,image_001608.png,3,0.7866419330548514
1609,image_001609.png,10,0.9695492539946782
1610,image_001610.png,8,0.975674278652422
1611,image_001611.png,4,0.9682148536953507
1612,image_001612.png,2,0.9930454899380424
1613,image_001613.png,8,0.9176913499657724
1614,image_001614.png,1,0.9999999887640452
1615,image_001615.png,11,0.951568948955062
1616,image_001616.png,4,0.9738617150355959
1617,image_001617.png,7,0.9826342190147945
1618,image_001618.png,4,0.8813427524098846
1619,image_001619.png,4,0.9939204862022104
1620,image_001620.png,0,
1621,image_001621.png,1,0.9999999982142858
1622,image_001622.png,0,
1623,image_001623.png,8,0.8561968556379482
1624,image_001624.png,0,
1625,image_001625.png,5,0.9671885505157943
1626,image_001626.png,7,0.9288949007637619
1627,image_001627.png,9,0.9639153769147413
1628,image_001628.png,4,0.9734999963057032
1629,image_001629.png,10,0.8875041857023078
1630,image_001630.png,11,0.8934015106025384
1631,image_001631.png,2,0.9898757439738711
1632,image_001632.png,9,0.9313846760951604
1633,image_001633.png,12,0.9898599768741412
1634,image_001634.png,5,0.9964259521863008
1635,image_001635.png,14,0.9786095766224886
1636,image_001636.png,11,0.9687029050618953
1637,image_001637.png,13,0.8517836381048477
1638,image_001638.png,12,0.9324917473573305
1639,image_001639.png,10,0.8400765852680113
1640,image_001640.png,5,0.8776927949414656
1641,image_001641.png,7,0.7414797667892172
1642,image_001642.png,5,0.8315559952875218
1643,image_001643.png,7,0.9284871261571483
1644,image_001644.png,15,0.9603169879866792
1645,image_001645.png,17,0.9017714856537752
1646,image_001646.png,11,0.9715502600234089
1647,image_001647.png,12,0.9588347698209904
1648,image_001648.png,16,0.9154819133060773
1649,image_001649.png,5,0.9972477755750351
1650,image_001650.png,2,0.9270258150214611
1651,image_001651.png,0,
1652,image_001652.png,4,0.9983108089882388
1653,image_001653.png,0,
1654,image_001654.png,11,0.9801235038721777
1655,image_001655.png,11,0.9285781011504267
1656,image_001656.png,14,0.8831302981279333
1657,image_001657.png,0,
1658,image_001658.png,1,0.7678571394292092
1659,image_001659.png,16,0.9501821406918305
1660,image_001660.png,0,
1661,image_001661.png,0,
1662,image_001662.png,0,
1663,image_001663.png,6,0.9830624579646643
1664,image_001664.png,13,0.9519113317179626
1665,image_001665.png,0,
1666,image_001666.png,6,0.923231330401676
1667,image_001667.png,15,0.9100292996448289
1668,image_001668.png,4,0.9197629977853596
1669,image_001669.png,14,0.9290430008799336
1670,image_001670.png,9,0.9348028213345734
1671,image_001671.png,14,0.8226717524843175
1672,image_001672.png,1,0.999999993939394
1673,image_001673.png,9,0.9508883255201113
1674,image_001674.png,9,0.9906925549379015
1675,image_001675.png,9,0.8265857972632141
1676,image_001676.png,14,0.8298184451304811
1677,image_001677.png,8,0.9564906308877179
1678,image_001678.png,0,
1679,image_001679.png,0,
1680,image_001680.png,8,0.9303787043317807
1681,image_001681.png,6,0.9445346779618459
1682,image_001682.png,16,0.8790230268598939
1683,image_001683.png,7,0.9168706946841308
1684,image_001684.png,0,
1685,image_001685.png,0,
1686,image_001686.png,0,
1687,image_001687.png,0,
1688,image_001688.png,0,
1689,image_001689.png,0,
1690,image_001690.png,0,
1691,image_001691.png,0,
1692,image_001692.png,0,
1693,image_001693.png,0,
1694,image_001694.png,0,
1695,image_001695.png,0,
1696,image_001696.png,0,
1697,image_001697.png,0,
1698,image_001698.png,0,
1699,image_001699.png,0,
1700,image_001700.png,0,
1701,image_001701.png,0,
1702,image_001702.png,0,
1703,image_001703.png,13,0.9670754158393626
1704,image_001704.png,13,0.9149575155692251
1705,image_001705.png,14,0.9615584138421778
1706,image_001706.png,7,0.8278305116946533
1707,image_001707.png,4,0.9755566456362181
1708,image_001708.png,9,0.9733561682515105
1709,image_001709.png,2,0.9999999993549193
1710,image_001710.png,9,0.986310457273625
1711,image_001711.png,16,0.92508558082953
1712,image_001712.png,14,0.9738039346598677
1713,image_001713.png,7,0.9494784422829216
1714,image_001714.png,6,0.8623134593873374
1715,image_001715.png,3,0.9941409555208455
1716,image_001716.png,12,0.9431304807753471
1717,image_001717.png,16,0.8382187701979993
1718,image_001718.png,13,0.9764752798715215
1719,image_001719.png,17,0.971105829883593
1720,image_001720.png,5,0.9943731791829042
1721,image_001721.png,10,0.9653506391540357
1722,image_001722.png,6,0.8143412653781291
1723,image_001723.png,15,0.9391504567354448
1724,image_001724.png,11,0.7448632424576455
1725,image_001725.png,5,0.985103357926661
1726,image_001726.png,6,0.9894712863937595
1727,image_001727.png,12,0.9539066315039771
1728,image_001728.png,7,0.9703397267399401
1729,image_001729.png,14,0.9021960359999047
1730,image_001730.png,7,0.980717518902287
1731,image_001731.png,12,0.8382892533287777
1732,image_001732.png,12,0.9800801768329852
1733,image_001733.png,7,0.9530368734963123
1734,image_001734.png,0,
1735,image_001735.png,10,0.9386915942739892
1736,image_001736.png,11,0.9332121303133648
1737,image_001737.png,7,0.9006708315687911
1738,image_001738.png,0,
1739,image_001739.png,10,0.8905887895260054
1740,image_001740.png,5,0.9779966089888793
1741,image_001741.png,0,
1742,image_001742.png,0,
1743,image_001743.png,0,
1744,image_001744.png,9,0.8303128849312418
1745,image_001745.png,10,0.8420112333926972
1746,image_001746.png,1,0.8826815630130146
1747,image_001747.png,10,0.893303017742185
1748,image_001748.png,4,0.9777988678613653
1749,image_001749.png,0,
1750,image_001750.png,0,
1751,image_001751.png,10,0.9271713062071119
1752,image_001752.png,0,
1753,image_001753.png,4,0.9852208646836838
1754,image_001754.png,13,0.8989628932015493
1755,image_001755.png,19,0.7620950337124196
1756,image_001756.png,6,0.9895684868474303
1757,image_001757.png,3,0.6782438249937095
1758,image_001758.png,9,0.9461605126324338
1759,image_001759.png,8,0.9804819661898801
1760,image_001760.png,9,0.8005208597126645
1761,image_001761.png,7,0.9855412782885988
1762,image_001762.png,11,0.9411488313361592
1763,image_001763.png,12,0.9505703513548126
1764,image_001764.png,3,0.8707090586098191
1765,image_001765.png,1,0.9855907752576636
1766,image_001766.png,2,0.9961034069990284
1767,image_001767.png,11,0.8787027056754191
1768,image_001768.png,5,0.9551339807107915
1769,image_001769.png,3,0.9792186821644163
1770,image_001770.png,3,0.9784639855252046
1771,image_001771.png,2,0.9995711592954764
1772,image_001772.png,6,0.8813916355559567
1773,image_001773.png,6,0.9875022374009169
1774,image_001774.png,9,0.9479777749066023
1775,image_001775.png,4,0.9756118775468698
1776,image_001776.png,6,0.997824732134233
1777,image_001777.png,2,0.9622669318311301
1778,image_001778.png,6,0.9927905706540803
1779,image_001779.png,13,0.8000450080030481
1780,image_001780.png,2,0.6133862145915028
1781,image_001781.png,11,0.7399067079831414
1782,image_001782.png,14,0.80359023066166
1783,image_001783.png,9,0.9531154868361562
1784,image_001784.png,8,0.9562209360773372
1785,image_001785.png,11,0.8896174090267067
1786,image_001786.png,11,0.9217192623607745
1787,image_001787.png,9,0.9310346101285921
1788,image_001788.png,17,0.9108552045207359
1789,image_001789.png,10,0.969365152502838
1790,image_001790.png,8,0.869683311864068
1791,image_001791.png,6,0.9796230219199696
1792,image_001792.png,10,0.9768752081216464
1793,image_001793.png,7,0.856611143572524
1794,image_001794.png,1,0.8315363870194927
1795,image_001795.png,14,0.8904228948792448
1796,image_001796.png,3,0.8829041239653179
1797,image_001797.png,11,0.9753037044007503
1798,image_001798.png,7,0.9045963039063754
1799,image_001799.png,21,0.9469608874988514
1800,image_001800.png,3,0.9786194125724403
1801,image_001801.png,5,0.95775812672759
1802,image_001802.png,2,0.9607177959958768
1803,image_001803.png,5,0.8702127760430537
1804,image_001804.png,6,0.9386025406526043
1805,image_001805.png,5,0.9958837121123517
1806,image_001806.png,12,0.8952209111263206
1807,image_001807.png,8,0.9603366315798232
1808,image_001808.png,3,0.9920006554397682
1809,image_001809.png,12,0.9749475354121464
1810,image_001810.png,7,0.9647969671934743
1811,image_001811.png,6,0.8000877982279865
1812,image_001812.png,5,0.8115942563226494
1813,image_001813.png,13,0.8661193902167822
1814,image_001814.png,15,0.8855702149757401
1815,image_001815.png,18,0.9641327870781714
1816,image_001816.png,15,0.9507652616588379
1817,image_001817.png,8,0.8929802363548386
1818,image_001818.png,9,0.9494339543857717
1819,image_001819.png,6,0.7290053104711797
1820,image_001820.png,12,0.9407152807460708
1821,image_001821.png,15,0.8674150649610078
1822,image_001822.png,15,0.9000616035304585
1823,image_001823.png,17,0.9673049621136691
1824,image_001824.png,7,0.9735272315691982
1825,image_001825.png,10,0.8626347447216794
1826,image_001826.png,12,0.9501196611913786
1827,image_001827.png,15,0.9414140761196861
1828,image_001828.png,21,0.9254846712161792
1829,image_001829.png,15,0.9367043198923756
1830,image_001830.png,4,0.9367197505963535
1831,image_001831.png,4,0.9714309848204952
1832,image_001832.png,8,0.9934910481975574
1833,image_001833.png,4,0.9986583154330051
1834,image_001834.png,6,0.9934021355254288
1835,image_001835.png,11,0.8342905654923367
1836,image_001836.png,11,0.9909180993160241
1837,image_001837.png,10,0.9008922036462709
1838,image_001838.png,8,0.9662700005944982
1839,image_001839.png,6,0.8547465484434266
1840,image_001840.png,17,0.9650730682061346
1841,image_001841.png,9,0.9705468513332313
1842,image_001842.png,9,0.9703805113706869
1843,image_001843.png,10,0.9660592198614921
1844,image_001844.png,3,0.9932020202942398
1845,image_001845.png,0,
1846,image_001846.png,0,
1847,image_001847.png,0,
1848,image_001848.png,0,
1849,image_001849.png,0,
1850,image_001850.png,0,
1851,image_001851.png,0,
1852,image_001852.png,0,
1853,image_001853.png,0,
1854,image_001854.png,9,0.9213839571832979
1855,image_001855.png,6,0.806287724273548
1856,image_001856.png,8,0.8729385051979694
1857,image_001857.png,4,0.7962796645641143
1858,image_001858.png,11,0.9728581915313712
1859,image_001859.png,5,0.9371366827036004
1860,image_001860.png,5,0.9869158820797468
1861,image_001861.png,5,0.9736486421563206
1862,image_001862.png,14,0.9786087003026368
1863,image_001863.png,11,0.8902004015542058
1864,image_001864.png,9,0.8162257912190621
1865,image_001865.png,5,0.8821329112956982
1866,image_001866.png,9,0.8900414318685649
1867,image_001867.png,7,0.9356551621365048
1868,image_001868.png,14,0.8172570345426245
1869,image_001869.png,19,0.8467588551918398
1870,image_001870.png,18,0.8665307286861851
1871,image_001871.png,15,0.9085848833878281
1872,image_001872.png,21,0.7874653680859109
1873,image_001873.png,20,0.8681310921211841
1874,image_001874.png,16,0.915153192148649
1875,image_001875.png,12,0.8385606511289069
1876,image_001876.png,0,
1877,image_001877.png,26,0.6098080665017404
1878,image_001878.png,22,0.7928566434181725
1879,image_001879.png,7,0.6437764037231641
1880,image_001880.png,0,
1881,image_001881.png,24,0.7567223155397015
1882,image_001882.png,30,0.7084764700341243
1883,image_001883.png,10,0.978735172186239
1884,image_001884.png,12,0.862580461923709
1885,image_001885.png,7,0.9734514047999839
1886,image_001886.png,11,0.9602556954223427
1887,image_001887.png,10,0.9539032109754626
1888,image_001888.png,6,0.9296922625030272
1889,image_001889.png,0,
1890,image_001890.png,4,0.9871347540285821
1891,image_001891.png,2,0.9736278429145362
1892,image_001892.png,1,0.994633271923733
1893,image_001893.png,1,0.8759689854576048
1894,image_001894.png,38,0.7236871031894679
1895,image_001895.png,47,0.7681500320137243
1896,image_001896.png,37,0.8010849897585516
1897,image_001897.png,10,0.9275890433410925
1898,image_001898.png,12,0.9581734739602289
1899,image_001899.png,9,0.8552051066412496
1900,image_001900.png,13,0.8977879255688236
1901,image_001901.png,4,0.8531969470398109
1902,image_001902.png,6,0.9006392617614155
1903,image_001903.png,4,0.8488398798264585
1904,image_001904.png,11,0.8204182034611542
1905,image_001905.png,2,0.5071580587900106
1906,image_001906.png,2,0.9621474683451111
1907,image_001907.png,7,0.8856673652516538
1908,image_001908.png,17,0.8472121305468427
1909,image_001909.png,7,0.7887066336005285
1910,image_001910.png,24,0.9227213283786901
1911,image_001911.png,7,0.8925927651328972
1912,image_001912.png,2,0.997630326436537
1913,image_001913.png,7,0.9301404009853309
1914,image_001914.png,3,0.9496388046295205
1915,image_001915.png,7,0.7782770368805411
1916,image_001916.png,20,0.8660258110639953
1917,image_001917.png,1,0.8604651096087976
1918,image_001918.png,9,0.9560035047730894
1919,image_001919.png,2,0.8613271255387376
1920,image_001920.png,3,0.8213467782757
1921,image_001921.png,0,
1922,image_001922.png,5,0.9954088339703333
1923,image_001923.png,0,
1924,image_001924.png,0,
1925,image_001925.png,0,
1926,image_001926.png,2,0.8168677323535203
1927,image_001927.png,2,0.7100095723588231
1928,image_001928.png,0,
1929,image_001929.png,0,
1930,image_001930.png,0,
1931,image_001931.png,0,
1932,image_001932.png,0,
1933,image_001933.png,0,
1934,image_001934.png,2,0.9874999837021687
1935,image_001935.png,0,
1936,image_001936.png,0,
1937,image_001937.png,4,0.9014605740206019
1938,image_001938.png,0,
1939,image_001939.png,1,0.2524271820152701
1940,image_001940.png,0,
1941,image_001941.png,6,0.915663467728625
1942,image_001942.png,6,0.9987922640754023
1943,image_001943.png,6,0.9820590275443309
1944,image_001944.png,5,0.964019842387712
1945,image_001945.png,5,0.9944104832945395
1946,image_001946.png,6,0.9963564026582915
1947,image_001947.png,14,0.9729672425023329
1948,image_001948.png,16,0.9082948897981307
1949,image_001949.png,5,0.9589307061057231
1950,image_001950.png,5,0.9761309370902662
1951,image_001951.png,8,0.9430380731395318
1952,image_001952.png,10,0.9515087012141896
1953,image_001953.png,1,0.6692913375286751
1954,image_001954.png,2,0.8442180346536365
1955,image_001955.png,1,0.9944289665893344
1956,image_001956.png,1,0.9736842086960824
1957,image_001957.png,2,0.9876595671891354
1958,image_001958.png,2,0.9680313737866655
1959,image_001959.png,1,0.832041341519273
1960,image_001960.png,0,
1961,image_001961.png,0,
1962,image_001962.png,21,0.966500990688745
1963,image_001963.png,19,0.947086048033671
1964,image_001964.png,18,0.8906974098995044
1965,image_001965.png,1,0.9999999941860466
1966,image_001966.png,2,0.9959999953844211
1967,image_001967.png,4,0.9936957574596805
1968,image_001968.png,5,0.9887874965269159
1969,image_001969.png,19,0.9836238265693492
1970,image_001970.png,11,0.9661507305677464
1971,image_001971.png,18,0.9897326684682576
1972,image_001972.png,9,0.8670675166620132
1973,image_001973.png,5,0.7423989032862115
1974,image_001974.png,11,0.9231743570992954
1975,image_001975.png,11,0.8989053966968927
1976,image_001976.png,10,0.9902873492651227
1977,image_001977.png,15,0.8131867688184317
1978,image_001978.png,16,0.9658796536232306
1979,image_001979.png,20,0.8194916236583701
1980,image_001980.png,13,0.9003815016365119
1981,image_001981.png,11,0.902690654874148
1982,image_001982.png,10,0.9893999081720806
1983,image_001983.png,11,0.9890349128797408
1984,image_001984.png,24,0.9758511118058063
1985,image_001985.png,11,0.8828375287068719
1986,image_001986.png,13,0.9809012226053758
1987,image_001987.png,10,0.9723259940734357
1988,image_001988.png,15,0.8929619894544164
1989,image_001989.png,8,0.7303634752014619
1990,image_001990.png,12,0.914667347392112
1991,image_001991.png,27,0.9628381271133608
1992,image_001992.png,11,0.9158587164727648
1993,image_001993.png,8,0.8716465572496912
1994,image_001994.png,12,0.8285600840039004
1995,image_001995.png,18,0.9145195919743649
1996,image_001996.png,6,0.9430053261001042
1997,image_001997.png,6,0.7028366696424725
1998,image_001998.png,0,
1999,image_001999.png,0,
2000,image_002000.png,0,
2001,image_002001.png,1,0.9951219463652587
2002,image_002002.png,1,0.9545454491219008
2003,image_002003.png,0,
2004,image_002004.png,0,
2005,image_002005.png,0,
2006,image_002006.png,0,
2007,image_002007.png,18,0.9190112965822976
2008,image_002008.png,15,0.9757098968709109
2009,image_002009.png,22,0.8210431140925728
2010,image_002010.png,11,0.8645955815728601
2011,image_002011.png,19,0.7804301549726299
2012,image_002012.png,11,0.9314208352224818
2013,image_002013.png,15,0.9809173278515517
2014,image_002014.png,13,0.8317402080333985
2015,image_002015.png,5,0.9439045332082072
2016,image_002016.png,11,0.8861927302351469
2017,image_002017.png,10,0.884255918151384
2018,image_002018.png,8,0.8118672126563318
2019,image_002019.png,0,
2020,image_002020.png,0,
2021,image_002021.png,0,
2022,image_002022.png,3,0.9594444394815113
2023,image_002023.png,1,0.9928571357653062
2024,image_002024.png,2,0.8827576381624929
2025,image_002025.png,7,0.9233945498568368
2026,image_002026.png,2,0.9386973078372577
2027,image_002027.png,2,0.9181184608966415
2028,image_002028.png,3,0.9591938110061354
2029,image_002029.png,9,0.8562442168408901
2030,image_002030.png,16,0.8452840216027695
2031,image_002031.png,13,0.9875015241600433
2032,image_002032.png,11,0.9708587392289109
2033,image_002033.png,15,0.9129788261622268
2034,image_002034.png,15,0.9501651013132028
2035,image_002035.png,12,0.9803314642462571
2036,image_002036.png,2,0.9971526324376112
2037,image_002037.png,5,0.9603960445057357
2038,image_002038.png,17,0.9066503394651519
2039,image_002039.png,3,0.7196850355751351
2040,image_002040.png,3,0.9940767505746089
2041,image_002041.png,7,0.9821034048676054
2042,image_002042.png,14,0.8265332082512649
2043,image_002043.png,8,0.7277723955550041
2044,image_002044.png,8,0.9784289090273774
2045,image_002045.png,4,0.8834072870284464
2046,image_002046.png,7,0.9389292293864802
2047,image_002047.png,5,0.9820656682970792
2048,image_002048.png,5,0.9076772564182882
2049,image_002049.png,4,0.9768597613629779
2050,image_002050.png,5,0.9749760909951481
2051,image_002051.png,3,0.9690395727623313
2052,image_002052.png,1,0.965608463053946
2053,image_002053.png,5,0.9770921317072178
2054,image_002054.png,7,0.9254609308627852
2055,image_002055.png,1,0.9945054890411786
2056,image_002056.png,1,0.957894731800554
2057,image_002057.png,4,0.9540291163093753
2058,image_002058.png,3,0.994459181779115
2059,image_002059.png,6,0.9882340144564276
2060,image_002060.png,10,0.9799484831421033
2061,image_002061.png,3,0.9873312458785138
2062,image_002062.png,8,0.8675797897576751
2063,image_002063.png,10,0.8898088605153264
2064,image_002064.png,28,0.9799663936489649
2065,image_002065.png,22,0.9626949420216846
2066,image_002066.png,27,0.9710991030627059
2067,image_002067.png,12,0.9914153497173536
2068,image_002068.png,17,0.9481695217268881
2069,image_002069.png,3,0.9942318612681671
2070,image_002070.png,3,0.9652876791855959
2071,image_002071.png,7,0.9096743049984901
2072,image_002072.png,2,0.7255818644305576
2073,image_002073.png,14,0.94056682371803
2074,image_002074.png,19,0.9311882185037875
2075,image_002075.png,7,0.9762446038012692
2076,image_002076.png,4,0.951519848654647
2077,image_002077.png,6,0.9862186262269983
2078,image_002078.png,13,0.989171504377486
2079,image_002079.png,17,0.9119591513992973
2080,image_002080.png,5,0.9949645066116632
2081,image_002081.png,2,0.9894861178672948
2082,image_002082.png,4,0.9791356853766224
2083,image_002083.png,6,0.9879462081463738
2084,image_002084.png,16,0.9116741717193724
2085,image_002085.png,13,0.9798121238048509
2086,image_002086.png,9,0.9546960241850668
2087,image_002087.png,12,0.9871701899176673
2088,image_002088.png,8,0.9739222557900572
2089,image_002089.png,14,0.9325099546636174
2090,image_002090.png,2,0.9896938325264092
2091,image_002091.png,8,0.8272024118930117
2092,image_002092.png,10,0.8798580561203251
2093,image_002093.png,7,0.9403991320905288
2094,image_002094.png,4,0.7751749541756734
2095,image_002095.png,6,0.8192328811550326
2096,image_002096.png,3,0.9828431334785194
2097,image_002097.png,4,0.9154631193328272
2098,image_002098.png,7,0.8674810386493617
2099,image_002099.png,4,0.9981833211448322
2100,image_002100.png,7,0.9723236064607396
2101,image_002101.png,7,0.9831403996960102
2102,image_002102.png,13,0.9715425965533953
2103,image_002103.png,15,0.9442963112783272
2104,image_002104.png,11,0.9896940167434694
2105,image_002105.png,13,0.970532625236947
2106,image_002106.png,7,0.9730397929874055
2107,image_002107.png,12,0.880242236423522
2108,image_002108.png,4,0.7067008416938705
2109,image_002109.png,7,0.8621926163162328
2110,image_002110.png,13,0.9727952050226385
2111,image_002111.png,11,0.8899550807501476
2112,image_002112.png,12,0.9422026932935981
2113,image_002113.png,5,0.9049036931225727
2114,image_002114.png,10,0.9873191788216602
2115,image_002115.png,13,0.9550321482181181
2116,image_002116.png,3,0.8573186512944274
2117,image_002117.png,2,0.9975550093019383
2118,image_002118.png,3,0.9168634566897937
2119,image_002119.png,12,0.9907361016316566
2120,image_002120.png,1,0.9876160960135724
2121,image_002121.png,3,0.908345816000279
2122,image_002122.png,21,0.9763791020159512
2123,image_002123.png,16,0.9257553649384134
2124,image_002124.png,18,0.9750695809541939
2125,image_002125.png,22,0.986306176123687
2126,image_002126.png,11,0.812256372340876
2127,image_002127.png,22,0.875345644892057
2128,image_002128.png,16,0.9267074260076181
2129,image_002129.png,14,0.9649659553534199
2130,image_002130.png,15,0.9668259736037946
2131,image_002131.png,10,0.9752047256915624
2132,image_002132.png,9,0.9727984119217942
2133,image_002133.png,13,0.9889454252057247
2134,image_002134.png,1,0.8611599281877681
2135,image_002135.png,13,0.9446879995063671
2136,image_002136.png,12,0.9150537049327708
2137,image_002137.png,5,0.9907533233439366
2138,image_002138.png,9,0.9878594878606156
2139,image_002139.png,1,0.9999999963768116
2140,image_002140.png,9,0.9126866153673853
2141,image_002141.png,16,0.9039450078270029
2142,image_002142.png,16,0.8737481312029289
2143,image_002143.png,8,0.9542689597945336
2144,image_002144.png,9,0.9778264125351274
2145,image_002145.png,10,0.9793271935207452
2146,image_002146.png,8,0.8721400422542808
2147,image_002147.png,10,0.9289367802628344
2148,image_002148.png,11,0.9259974689396845
2149,image_002149.png,22,0.9122498489867826
2150,image_002150.png,16,0.9729916741131049
2151,image_002151.png,18,0.9629464347035359
2152,image_002152.png,3,0.8352461685107108
2153,image_002153.png,7,0.9702873990359959
2154,image_002154.png,2,0.9469696892265551
2155,image_002155.png,5,0.8920520606336879
2156,image_002156.png,11,0.9766726913407783
2157,image_002157.png,7,0.9897090573520744
2158,image_002158.png,4,0.990100032729791
2159,image_002159.png,5,0.9896557989605717
2160,image_002160.png,5,0.9833463527206592
2161,image_002161.png,2,0.5273972591513397
2162,image_002162.png,2,0.930375704258994
2163,image_002163.png,6,0.9672089702576431
2164,image_002164.png,14,0.8269759846805751
2165,image_002165.png,11,0.9291298483956626
2166,image_002166.png,17,0.9505971841621339
2167,image_002167.png,11,0.9186401078966345
2168,image_002168.png,16,0.8950796422314041
2169,image_002169.png,19,0.7995451900145787
2170,image_002170.png,14,0.7615120983195852
2171,image_002171.png,10,0.9206277855317098
2172,image_002172.png,18,0.9172043028811692
2173,image_002173.png,2,0.9705882314088298
2174,image_002174.png,13,0.9065997465834419
2175,image_002175.png,3,0.9374021851152666
2176,image_002176.png,12,0.9735627742782932
2177,image_002177.png,5,0.9850820187143767
2178,image_002178.png,8,0.9858055919614463
2179,image_002179.png,5,0.9725292714730889
2180,image_002180.png,8,0.9778406182556016
2181,image_002181.png,11,0.9783313184785697
2182,image_002182.png,22,0.8687712209947968
2183,image_002183.png,11,0.8293719991911243
2184,image_002184.png,14,0.8789140315465201
2185,image_002185.png,7,0.6945631578887277
2186,image_002186.png,11,0.8541081631001542
2187,image_002187.png,13,0.8669941048149655
2188,image_002188.png,11,0.9360421286706445
2189,image_002189.png,20,0.8609754787250473
2190,image_002190.png,12,0.7106234195437865
2191,image_002191.png,3,0.9723202157728773
2192,image_002192.png,5,0.9943110840771106
2193,image_002193.png,3,0.9954560270123401
2194,image_002194.png,3,0.9932452147459156
2195,image_002195.png,3,0.9880689330050486
2196,image_002196.png,11,0.8634204021895419
2197,image_002197.png,5,0.9843299766112935
2198,image_002198.png,3,0.9960665803859344
2199,image_002199.png,7,0.9854989206897022
2200,image_002200.png,4,0.9980314927381366
2201,image_002201.png,6,0.9924917993018121
2202,image_002202.png,5,0.8859816955902143
2203,image_002203.png,4,0.8985437773168886
2204,image_002204.png,5,0.9779601480043828
2205,image_002205.png,11,0.9335794086524789
2206,image_002206.png,7,0.9931825093767684
2207,image_002207.png,11,0.9222621330026125
2208,image_002208.png,6,0.9900905109044614
2209,image_002209.png,6,0.965120907625979
2210,image_002210.png,11,0.9412491950167098
2211,image_002211.png,13,0.9844841330710489
2212,image_002212.png,11,0.7176543245304187
2213,image_002213.png,13,0.8821181143703346
2214,image_002214.png,12,0.7924376278884869
2215,image_002215.png,4,0.7809031011393439
2216,image_002216.png,10,0.9828853344020192
2217,image_002217.png,7,0.9106027598038569
2218,image_002218.png,0,
2219,image_002219.png,9,0.785428507354714
2220,image_002220.png,12,0.9685911038952587
2221,image_002221.png,11,0.9728284167405452
2222,image_002222.png,15,0.9774299191294854
2223,image_002223.png,14,0.9666871261278028
2224,image_002224.png,3,0.9885360767931068
2225,image_002225.png,5,0.9668663814084972
2226,image_002226.png,2,0.9936363548023353
2227,image_002227.png,3,0.9790379197518808
2228,image_002228.png,2,0.9288461421634617
2229,image_002229.png,18,0.9234431261684504
2230,image_002230.png,19,0.945347051958121
2231,image_002231.png,18,0.9032766048179894
2232,image_002232.png,12,0.8646116871096018
2233,image_002233.png,0,
2234,image_002234.png,1,0.9999999925925926
2235,image_002235.png,1,0.9967948686000164
2236,image_002236.png,1,0.9938461507881656
2237,image_002237.png,13,0.9920582505106986
2238,image_002238.png,4,0.9946965797878626
2239,image_002239.png,8,0.8867521530554123
2240,image_002240.png,13,0.9760550827175053
2241,image_002241.png,3,0.9894308905690048
2242,image_002242.png,10,0.8843085435395187
2243,image_002243.png,4,0.9955669660885961
2244,image_002244.png,15,0.9549431727148449
2245,image_002245.png,36,0.6514400200341179
2246,image_002246.png,34,0.6508550534460157
2247,image_002247.png,4,0.7168296796661696
2248,image_002248.png,8,0.7483819841195765
2249,image_002249.png,34,0.7685071245458657
2250,image_002250.png,24,0.9295305878660752
2251,image_002251.png,6,0.9237772896068369
2252,image_002252.png,4,0.7038743163709913
2253,image_002253.png,11,0.8142273676082273
2254,image_002254.png,27,0.8568526044452575
2255,image_002255.png,1,0.9186046404813414
2256,image_002256.png,4,0.7429655857899626
2257,image_002257.png,3,0.9632568801001069
2258,image_002258.png,24,0.8970294668767181
2259,image_002259.png,29,0.8386098196463436
2260,image_002260.png,26,0.9219762379796279
2261,image_002261.png,27,0.9347824881979855
2262,image_002262.png,26,0.8750998187074887
2263,image_002263.png,21,0.9245912436772867
2264,image_002264.png,32,0.8768700587790337
2265,image_002265.png,33,0.9428400600690998
2266,image_002266.png,2,0.9502923914304077
2267,image_002267.png,1,0.8303571354432399
2268,image_002268.png,1,0.9664804442277084
2269,image_002269.png,0,
2270,image_002270.png,5,0.9314408528978744
2271,image_002271.png,17,0.8076421444045212
2272,image_002272.png,39,0.8424201483407171
2273,image_002273.png,48,0.8942971902480673
2274,image_002274.png,26,0.8498311811980072
2275,image_002275.png,34,0.8722473687036485
2276,image_002276.png,41,0.8388361139966254
2277,image_002277.png,29,0.8914487233558503
2278,image_002278.png,4,0.9566359083288767
2279,image_002279.png,8,0.7920195018372813
2280,image_002280.png,8,0.9516955529381276
2281,image_002281.png,7,0.9527229382002741
2282,image_002282.png,3,0.9665393078015371
2283,image_002283.png,7,0.8525215455193517
2284,image_002284.png,4,0.9258469194229584
2285,image_002285.png,3,0.9204860291348539
2286,image_002286.png,20,0.9025790119035652
2287,image_002287.png,18,0.9121884781344549
2288,image_002288.png,12,0.8268111150399166
2289,image_002289.png,14,0.9058878093907679
2290,image_002290.png,12,0.9487263789610995
2291,image_002291.png,14,0.9633504134773506
2292,image_002292.png,17,0.7778399711704631
2293,image_002293.png,12,0.8924188774623046
2294,image_002294.png,19,0.8313886894585254
2295,image_002295.png,7,0.829576611982825
2296,image_002296.png,11,0.8909855588466045
2297,image_002297.png,10,0.8216737950153078
2298,image_002298.png,11,0.8786835880406627
2299,image_002299.png,12,0.7822440148093115
2300,image_002300.png,15,0.901500656783602
2301,image_002301.png,8,0.8786422716888618
2302,image_002302.png,8,0.8282270529457092
2303,image_002303.png,15,0.8648194998605744
2304,image_002304.png,11,0.9431138164470521
2305,image_002305.png,20,0.9606452513550835
2306,image_002306.png,7,0.9752293751127823
2307,image_002307.png,12,0.7922978379152114
2308,image_002308.png,1,0.8289473629674515
2309,image_002309.png,4,0.9031047176356175
2310,image_002310.png,0,
2311,image_002311.png,0,
2312,image_002312.png,2,0.9965034823931465
2313,image_002313.png,3,0.698572666488196
2314,image_002314.png,4,0.8477357281133174
2315,image_002315.png,0,
2316,image_002316.png,7,0.9537517825833393
2317,image_002317.png,12,0.9953881822737461
2318,image_002318.png,6,0.9966262646118235
2319,image_002319.png,11,0.9966158558198802
2320,image_002320.png,8,0.9375754495939072
2321,image_002321.png,21,0.9510491046722753
2322,image_002322.png,12,0.9268122724984805
2323,image_002323.png,11,0.9445240705599606
2324,image_002324.png,18,0.877975051506357
2325,image_002325.png,12,0.861110242606263
2326,image_002326.png,14,0.8827615777755206
2327,image_002327.png,11,0.9109862949283261
2328,image_002328.png,16,0.9887672600661463
2329,image_002329.png,16,0.9836004408915004
2330,image_002330.png,19,0.8703200678330527
2331,image_002331.png,20,0.8948743521689032
2332,image_002332.png,13,0.8612723525974165
2333,image_002333.png,21,0.8867713980653465
2334,image_002334.png,10,0.7311884627924031
2335,image_002335.png,18,0.9630414968844505
2336,image_002336.png,23,0.9367503909376118
2337,image_002337.png,7,0.9794569129620159
2338,image_002338.png,5,0.9835556461889012
2339,image_002339.png,16,0.9619660823341173
2340,image_002340.png,14,0.9727232553706932
2341,image_002341.png,15,0.9120243398659704
2342,image_002342.png,11,0.8228717170273441
2343,image_002343.png,18,0.9639416880893228
2344,image_002344.png,16,0.97127826699299
2345,image_002345.png,13,0.9834107762496788
2346,image_002346.png,13,0.9169640247219019
2347,image_002347.png,2,0.9923657949929214
2348,image_002348.png,3,0.8455028153282003
2349,image_002349.png,5,0.918080369196273
2350,image_002350.png,10,0.9853316665843128
2351,image_002351.png,6,0.9739108178389255
2352,image_002352.png,23,0.885060359679783
2353,image_002353.png,19,0.8738572393968539
2354,image_002354.png,25,0.9104332482675099
2355,image_002355.png,2,0.8086384190378556
2356,image_002356.png,1,0.9999999978678038
2357,image_002357.png,5,0.7503079495153484
2358,image_002358.png,2,0.5493502019877644
2359,image_002359.png,3,0.9060636762682667
2360,image_002360.png,6,0.9185005353372951
2361,image_002361.png,8,0.9148907834428367
2362,image_002362.png,9,0.8938950282506336
2363,image_002363.png,5,0.8746860216756547
2364,image_002364.png,7,0.9386446359091165
2365,image_002365.png,3,0.8190011962051562
2366,image_002366.png,11,0.920343200897975
2367,image_002367.png,11,0.9831657573240716
2368,image_002368.png,8,0.9811521443062142
2369,image_002369.png,11,0.9640125464974006
2370,image_002370.png,12,0.9751148374774253
2371,image_002371.png,13,0.860025597761836
2372,image_002372.png,12,0.9761445539326618
2373,image_002373.png,31,0.9745347422309392
2374,image_002374.png,31,0.950396405669908
2375,image_002375.png,27,0.8576577221885453
2376,image_002376.png,38,0.9466115036539412
2377,image_002377.png,12,0.723845377191382
2378,image_002378.png,15,0.9107040438571798
2379,image_002379.png,10,0.8774244723158662
2380,image_002380.png,16,0.9069197380360011
2381,image_002381.png,19,0.9313625600604621
2382,image_002382.png,7,0.8953610697039586
2383,image_002383.png,9,0.9872870297924938
2384,image_002384.png,9,0.9117799553758229
2385,image_002385.png,6,0.8779312984821793
2386,image_002386.png,11,0.7374027651312606
2387,image_002387.png,12,0.9580004813778142
2388,image_002388.png,8,0.9582715439660353
2389,image_002389.png,10,0.7710894211673598
2390,image_002390.png,11,0.9027119045266819
2391,image_002391.png,7,0.9110226994750626
2392,image_002392.png,0,
2393,image_002393.png,13,0.9310155320657632
2394,image_002394.png,2,0.903648726582867
2395,image_002395.png,0,
2396,image_002396.png,2,0.9600084893732802
2397,image_002397.png,0,
2398,image_002398.png,9,0.9530148568451151
2399,image_002399.png,13,0.879152744515076
2400,image_002400.png,12,0.9667114575245012
2401,image_002401.png,16,0.9631476584438194
2402,image_002402.png,10,0.8986227339014237
2403,image_002403.png,20,0.9895590985541908
2404,image_002404.png,15,0.9184638392324859
2405,image_002405.png,13,0.9741754289319443
2406,image_002406.png,12,0.9267356637499242
2407,image_002407.png,18,0.91732922561935
2408,image_002408.png,19,0.9296399945699075
2409,image_002409.png,17,0.9582810762215952
2410,image_002410.png,21,0.9543235678722629
2411,image_002411.png,1,0.9972899715483876
2412,image_002412.png,20,0.8117982460654634
2413,image_002413.png,14,0.9140665856341368
2414,image_002414.png,20,0.8576689805500285
2415,image_002415.png,14,0.9353783577588698
2416,image_002416.png,13,0.8711603060488401
2417,image_002417.png,12,0.9046200599301493
2418,image_002418.png,15,0.83350448016505
2419,image_002419.png,11,0.9216718628750022
2420,image_002420.png,13,0.941194421272046
2421,image_002421.png,12,0.9097150603623435
2422,image_002422.png,16,0.9540297484431548
2423,image_002423.png,15,0.7831439786786697
2424,image_002424.png,14,0.8200316961113316
2425,image_002425.png,16,0.9419452172438803
2426,image_002426.png,14,0.8188447674592324
2427,image_002427.png,6,0.7941316051818474
2428,image_002428.png,10,0.912423339534586
2429,image_002429.png,34,0.9452167480908433
2430,image_002430.png,16,0.8957058742993684
2431,image_002431.png,12,0.9303284423453501
2432,image_002432.png,24,0.8461094398528143
2433,image_002433.png,34,0.8020132746667606
2434,image_002434.png,12,0.8326418025679109
2435,image_002435.png,2,0.9731365004133536
2436,image_002436.png,3,0.9988038156795561
2437,image_002437.png,8,0.9618946474246642
2438,image_002438.png,0,
2439,image_002439.png,1,0.9974811057997958
2440,image_002440.png,1,0.9826923058025148
2441,image_002441.png,26,0.8363952393310448
2442,image_002442.png,36,0.9495408775644949
2443,image_002443.png,26,0.8635711965742932
2444,image_002444.png,32,0.9413535923470193
2445,image_002445.png,11,0.8271821284192827
2446,image_002446.png,38,0.8728097019942531
2447,image_002447.png,10,0.8654142604847591
2448,image_002448.png,20,0.8029880793690408
2449,image_002449.png,4,0.9435807042870653
2450,image_002450.png,0,
2451,image_002451.png,2,0.9973766207605175
2452,image_002452.png,1,0.9999999677419364
2453,image_002453.png,6,0.9311152276531217
2454,image_002454.png,2,0.9142813356515775
2455,image_002455.png,25,0.8910782595921134
2456,image_002456.png,35,0.8772430887945165
2457,image_002457.png,8,0.9224120773828692
2458,image_002458.png,26,0.8670956958596793
2459,image_002459.png,45,0.8505349686699685
2460,image_002460.png,57,0.9373057098033873
2461,image_002461.png,13,0.8520083858218582
2462,image_002462.png,6,0.8615071822171266
2463,image_002463.png,0,
2464,image_002464.png,12,0.9771121750280517
2465,image_002465.png,36,0.8534759185930293
2466,image_002466.png,1,0.9775784731444428
2467,image_002467.png,16,0.9056548293355773
2468,image_002468.png,4,0.8560618094637913
2469,image_002469.png,37,0.7973898768613028
2470,image_002470.png,13,0.9289776860338109
2471,image_002471.png,11,0.9884029675618891
2472,image_002472.png,7,0.9950286053484991
2473,image_002473.png,14,0.9736685709801997
2474,image_002474.png,16,0.9898460762967776
2475,image_002475.png,13,0.9924710179027229
2476,image_002476.png,4,0.9851684186807401
2477,image_002477.png,7,0.9838749031326195
2478,image_002478.png,7,0.9982756187375432
2479,image_002479.png,13,0.7549730193905554
2480,image_002480.png,13,0.9374792346478475
2481,image_002481.png,5,0.9955393488182331
2482,image_002482.png,16,0.8065020788263652
2483,image_002483.png,20,0.855394534644183
2484,image_002484.png,33,0.9249876508212199
2485,image_002485.png,22,0.8568689671857169
2486,image_002486.png,32,0.884975629499355
2487,image_002487.png,49,0.899468538222717
2488,image_002488.png,24,0.8945918815421242
2489,image_002489.png,14,0.8246764769031655
2490,image_002490.png,20,0.8803786138683118
2491,image_002491.png,5,0.9401918963753564
2492,image_002492.png,1,0.999999993939394
2493,image_002493.png,1,0.991304343516068
2494,image_002494.png,0,
2495,image_002495.png,0,
2496,image_002496.png,0,
2497,image_002497.png,1,0.866141725463451
2498,image_002498.png,0,
2499,image_002499.png,15,0.9974241496491073
2500,image_002500.png,4,0.9995049469163066
2501,image_002501.png,4,0.9784639286371494
2502,image_002502.png,0,
2503,image_002503.png,1,0.9999999935064936
2504,image_002504.png,2,0.9364473504580453
2505,image_002505.png,5,0.955349865858372
2506,image_002506.png,9,0.8894517338384732
2507,image_002507.png,22,0.9539232190038219
2508,image_002508.png,0,
2509,image_002509.png,6,0.947349136396431
2510,image_002510.png,1,0.9717314453295708
2511,image_002511.png,0,
2512,image_002512.png,0,
2513,image_002513.png,20,0.796109440990059
2514,image_002514.png,35,0.8498062817362543
2515,image_002515.png,24,0.8556310051310367
2516,image_002516.png,17,0.7547747278656017
2517,image_002517.png,18,0.9359525879358527
2518,image_002518.png,22,0.9176113491291602
2519,image_002519.png,39,0.8096113484109139
2520,image_002520.png,12,0.9208215993920007
2521,image_002521.png,16,0.9340290494890228
2522,image_002522.png,18,0.9257293160624877
